price,year,odometer,title_status,transmission,drive,state
7500,2005,160000,clean,automatic,rwd,il
24500,2014,113000,clean,automatic,4wd,nc
15000,2009,221000,clean,automatic,4wd,nc
14685,2011,145671,clean,automatic,4wd,ny
11995,2006,132930,clean,automatic,4wd,ma
11795,2015,111048,clean,automatic,rwd,ma
25800,2015,49900,clean,automatic,4wd,co
11995,2006,132930,clean,automatic,4wd,ma
14685,2011,145671,clean,automatic,4wd,ny
11995,2006,132930,clean,automatic,4wd,ma
10900,2012,132000,clean,manual,4wd,ma
12500,2005,192000,clean,manual,4wd,or
29000,2015,64000,lien,automatic,4wd,nc
32000,2019,33000,lien,manual,4wd,or
11995,2005,167523,clean,manual,4wd,va
20800,2010,97351,clean,automatic,4wd,ia
24900,2014,113000,clean,automatic,4wd,va
26900,2015,59300,clean,automatic,4wd,fl
11995,2006,132930,clean,automatic,4wd,ma
7800,1997,212234,clean,automatic,4wd,tn
29990,2019,2324,clean,automatic,rwd,or
22495,2017,17776,clean,automatic,rwd,tn
26900,2015,53390,clean,automatic,4wd,ma
21750,2014,99246,clean,automatic,4wd,ia
25990,2015,39725,clean,automatic,4wd,ma
24320,2015,50616,clean,automatic,4wd,tn
7988,2007,281028,clean,other,4wd,ma
27952,2017,58679,clean,automatic,4wd,tn
29952,2016,48636,clean,automatic,4wd,tn
17500,2014,99000,clean,automatic,rwd,sc
7995,2006,73995,clean,manual,rwd,va
26795,2017,49407,clean,automatic,4wd,va
33999,2017,34835,clean,automatic,4wd,wa
8950,2003,140186,clean,automatic,rwd,or
32745,2018,13737,clean,automatic,4wd,tn
20800,2015,78454,rebuilt,automatic,4wd,co
34950,2016,20810,clean,automatic,4wd,wa
29999,2016,60095,clean,automatic,4wd,wa
14000,2006,125886,clean,manual,4wd,wa
33450,2017,30891,clean,automatic,4wd,wa
32500,2017,7422,lien,automatic,4wd,wa
22995,2014,80989,clean,automatic,4wd,wa
27900,2017,70665,clean,automatic,4wd,ia
27900,2015,46032,clean,automatic,4wd,tn
21900,2009,99075,clean,automatic,4wd,or
19997,2006,106403,clean,automatic,4wd,or
39997,2019,11941,clean,automatic,4wd,or
26997,2013,90394,clean,automatic,4wd,or
14997,2004,166089,clean,automatic,4wd,or
11495,2003,99250,clean,automatic,4wd,or
21997,2015,151359,clean,manual,4wd,or
28997,2014,86837,clean,automatic,4wd,or
5500,2004,126400,salvage,automatic,rwd,il
25900,2015,74379,clean,automatic,4wd,ms
21400,2015,95750,clean,manual,4wd,or
7000,2002,128200,salvage,automatic,4wd,or
27475,2015,54300,clean,automatic,4wd,mt
19995,2015,75833,clean,automatic,rwd,or
7800,2008,151000,clean,manual,rwd,or
24998,2014,56000,clean,automatic,4wd,or
24500,2014,113000,clean,automatic,4wd,wv
24500,2014,113000,clean,automatic,4wd,wv
16709,2011,101599,clean,automatic,rwd,tx
8995,2006,189295,clean,automatic,rwd,tx
14300,2012,79075,clean,manual,rwd,tx
18950,2017,50925,salvage,automatic,rwd,tx
1600,2000,180,salvage,automatic,fwd,fl
7995,2001,139520,clean,automatic,rwd,tx
25900,2015,74379,clean,automatic,4wd,ms
14400,2005,79556,clean,automatic,4wd,ny
5900,2004,92000,clean,manual,rwd,nm
14950,2016,92520,salvage,automatic,4wd,tx
23990,2016,51000,clean,automatic,rwd,tx
15450,2019,19494,salvage,automatic,4wd,mi
22600,2016,63102,clean,automatic,rwd,nc
25900,2017,12278,clean,automatic,4wd,ky
10955,2013,117835,clean,automatic,rwd,ky
11962,2013,93831,clean,automatic,rwd,ky
12999,2011,126378,clean,automatic,rwd,co
10997,2015,144650,clean,automatic,rwd,mi
18999,2010,103631,clean,automatic,4wd,co
20800,2010,97351,clean,automatic,4wd,ia
32928,2018,23376,clean,automatic,4wd,tx
20594,2012,108647,clean,automatic,4wd,co
29849,2017,88062,clean,automatic,4wd,mo
17950,2013,132808,clean,automatic,4wd,pa
8900,2005,120809,clean,manual,4wd,pa
18950,2018,48806,clean,automatic,4wd,tx
13950,2017,61773,salvage,automatic,4wd,tx
28999,2017,24396,clean,automatic,4wd,co
26594,2017,34600,clean,automatic,4wd,co
6995,2003,264849,clean,automatic,4wd,co
11495,2009,213911,clean,manual,4wd,co
12499,2004,129318,clean,automatic,4wd,co
26998,2014,34474,clean,automatic,4wd,co
8999,2003,150200,clean,automatic,4wd,pa
24500,2014,113000,clean,automatic,4wd,nc
27495,2017,22285,clean,automatic,rwd,tx
10300,2006,175889,clean,automatic,4wd,co
13950,2016,45989,salvage,automatic,rwd,tx
13950,2019,8363,clean,automatic,4wd,tx
7000,2003,251500,clean,automatic,4wd,co
22900,2013,151468,clean,automatic,4wd,ca
30995,2018,13315,clean,automatic,4wd,tx
10999,2006,135889,clean,automatic,rwd,co
31997,2017,27337,clean,automatic,4wd,co
26599,2017,48224,clean,automatic,4wd,co
22991,2015,12230,clean,automatic,4wd,co
23994,2013,85753,clean,automatic,4wd,co
15999,2008,193982,clean,automatic,4wd,co
17495,2011,165483,clean,automatic,4wd,co
23299,2014,74702,clean,automatic,4wd,co
28998,2017,71954,clean,automatic,4wd,co
24910,2016,109299,clean,automatic,4wd,tx
24707,2018,24814,clean,automatic,rwd,tx
24881,2016,50033,clean,automatic,rwd,tx
28922,2017,39693,clean,automatic,4wd,tx
25150,2015,53350,clean,automatic,4wd,co
3450,1989,99300,clean,automatic,rwd,tx
7900,2008,111000,clean,automatic,rwd,ny
5950,1999,274471,clean,manual,4wd,tx
35900,2019,9775,clean,automatic,4wd,ny
25500,2015,49700,clean,automatic,4wd,mo
9590,1999,41398,clean,automatic,rwd,co
21500,2014,144000,lien,manual,4wd,co
14997,2011,180442,clean,automatic,4wd,ny
14997,2011,180442,clean,automatic,4wd,ny
14400,2005,79556,clean,automatic,4wd,ny
4900,2001,100500,clean,automatic,rwd,co
15985,2010,131887,clean,automatic,4wd,wi
4000,2005,111000,clean,automatic,4wd,ny
25997,2015,71132,clean,automatic,4wd,tx
22979,2018,51682,clean,automatic,4wd,tx
30864,2018,30113,clean,automatic,4wd,tx
12200,2015,100348,clean,automatic,rwd,wi
15985,2010,131887,clean,automatic,4wd,wi
27900,2017,70665,clean,automatic,4wd,ia
10995,2006,96880,clean,automatic,rwd,ca
29849,2017,88062,clean,automatic,4wd,mo
6995,2003,264849,clean,automatic,4wd,co
11495,2009,213911,clean,manual,4wd,co
12499,2004,129318,clean,automatic,4wd,co
15495,2008,195339,clean,manual,4wd,co
26947,2016,99176,clean,automatic,4wd,mt
10000,1998,132500,clean,manual,4wd,mt
7599,2003,247416,clean,automatic,4wd,co
31920,2019,3731,clean,automatic,rwd,tx
8499,2004,126696,clean,manual,rwd,co
24495,2014,72208,clean,automatic,4wd,tx
19880,2009,118558,clean,automatic,4wd,wa
25825,2016,70855,clean,manual,4wd,mt
18999,2012,117000,clean,manual,4wd,mt
33900,2013,57400,clean,automatic,4wd,mt
7900,2006,140000,clean,manual,rwd,tx
21980,2012,103408,clean,automatic,4wd,mt
19995,2016,102166,clean,automatic,4wd,wi
37000,2018,25000,clean,automatic,4wd,pa
29502,2017,31687,clean,automatic,4wd,wa
42000,2019,14000,lien,automatic,4wd,co
15995,2011,44486,clean,automatic,rwd,wa
5000,2000,195000,clean,automatic,4wd,co
26991,2019,22482,clean,automatic,rwd,ca
5675,2004,247000,clean,automatic,4wd,wv
21000,2010,141,clean,automatic,4wd,co
16000,2009,110100,clean,automatic,4wd,pa
30978,2019,23371,clean,automatic,rwd,ca
6500,1995,206000,clean,manual,4wd,va
14995,2007,128000,clean,manual,4wd,co
4000,1999,236000,clean,manual,4wd,co
22999,2017,62914,clean,automatic,4wd,oh
10000,1998,132500,clean,manual,4wd,mt
30995,2017,30300,clean,manual,4wd,pa
6250,2001,280044,clean,automatic,4wd,mt
8500,2007,153000,clean,automatic,rwd,nc
8990,2006,177461,clean,automatic,fwd,nc
5000,2009,160000,clean,manual,rwd,nc
33000,2019,19000,clean,automatic,4wd,nc
8990,2006,177461,clean,automatic,rwd,nc
18475,2014,134000,clean,automatic,4wd,wi
9995,2015,133000,clean,automatic,rwd,wi
32700,2018,16336,clean,automatic,4wd,ia
33995,2017,49572,clean,automatic,4wd,tx
29500,2017,21691,clean,other,4wd,nc
7400,2002,232765,clean,automatic,fwd,nc
17500,2016,45671,clean,automatic,rwd,nc
32995,2019,21528,clean,automatic,rwd,tx
7995,2013,170000,clean,automatic,rwd,tx
23000,2013,87000,clean,manual,4wd,pa
1,2011,168955,clean,automatic,4wd,tx
4500,2007,267000,clean,automatic,fwd,tx
15720,2009,136626,clean,automatic,4wd,wi
14777,2009,42341,clean,manual,4wd,wi
1,2011,168955,clean,automatic,4wd,tx
8850,2010,156000,clean,automatic,4wd,ny
12350,2015,100348,clean,automatic,rwd,wi
4150,2001,254000,clean,automatic,fwd,tx
27980,2016,7568,clean,automatic,rwd,tx
19477,2011,104000,clean,automatic,4wd,wi
6700,2008,171000,clean,automatic,rwd,tx
14998,2005,135477,clean,automatic,rwd,tx
14998,2005,135477,clean,automatic,rwd,tx
7000,2008,171000,clean,automatic,rwd,tx
14999,2007,157769,clean,automatic,4wd,ca
9981,2001,200596,clean,automatic,rwd,ca
15950,2012,155221,clean,automatic,4wd,ct
25300,2014,61705,clean,automatic,4wd,ct
10500,2008,159000,clean,automatic,4wd,ct
15000,2010,158000,clean,automatic,4wd,ny
9989,2006,193265,clean,automatic,rwd,tx
19995,2012,57917,clean,automatic,rwd,ca
22995,2018,24223,clean,automatic,rwd,ca
9500,2004,200000,rebuilt,automatic,4wd,tx
30777,2019,16237,clean,automatic,4wd,ct
6999,2009,120,clean,manual,4wd,ct
18600,2013,101958,clean,automatic,4wd,ct
18800,2013,101958,clean,automatic,4wd,ct
28995,2017,38008,clean,automatic,4wd,wi
25588,2015,71000,clean,automatic,4wd,tx
19500,2015,78052,clean,automatic,rwd,dc
28995,2017,38008,clean,automatic,4wd,wi
28990,2017,51379,clean,manual,4wd,dc
14999,2007,226035,clean,automatic,4wd,wy
9999,2006,103432,clean,manual,rwd,wy
8999,1997,224958,clean,manual,4wd,wy
12999,2011,126378,clean,automatic,rwd,wy
13995,2014,54998,clean,automatic,fwd,dc
19999,2012,111655,clean,automatic,rwd,wy
24495,2013,113500,clean,automatic,4wd,ca
26995,2017,22204,clean,automatic,4wd,vt
13599,2013,137800,clean,automatic,rwd,ca
18500,2012,107763,clean,automatic,4wd,dc
19000,2011,72500,clean,automatic,rwd,ca
11995,2006,132930,clean,automatic,4wd,ri
6450,2004,182300,clean,manual,4wd,ri
15495,2005,82764,clean,automatic,4wd,ri
12995,2007,162322,clean,automatic,4wd,ri
10250,2007,206500,clean,automatic,4wd,wy
17999,2007,111358,clean,automatic,4wd,wy
23995,2016,63093,clean,automatic,rwd,ca
24995,2017,92353,clean,automatic,rwd,ca
25990,2015,39725,clean,automatic,4wd,ri
6950,2006,223222,clean,automatic,fwd,al
30777,2019,16237,clean,automatic,4wd,ri
9995,2006,162907,clean,automatic,4wd,ri
26900,2017,30122,clean,automatic,4wd,ks
11000,2014,64046,salvage,automatic,rwd,ca
12999,2011,126378,clean,automatic,rwd,co
11600,2015,95890,clean,automatic,rwd,co
24000,2011,119000,clean,automatic,4wd,co
8999,2011,251631,clean,automatic,4wd,co
14999,2006,136406,clean,automatic,fwd,ca
13500,2008,160000,clean,automatic,rwd,ca
12800,2005,203000,clean,automatic,4wd,ca
15999,2009,142961,clean,automatic,4wd,va
24526,2016,22734,clean,automatic,rwd,al
29675,2017,88062,clean,automatic,4wd,ks
9750,2006,216076,clean,automatic,4wd,va
9999,2013,158025,clean,automatic,rwd,ca
7888,1999,192853,clean,automatic,fwd,ca
26550,2014,62671,clean,automatic,4wd,co
33995,2017,59402,clean,manual,4wd,co
28999,2017,24396,clean,automatic,4wd,co
30599,2017,33246,clean,automatic,4wd,co
28598,2017,62028,clean,automatic,4wd,co
30598,2017,53634,clean,automatic,4wd,co
24512,2016,50033,clean,automatic,rwd,tx
26594,2017,34600,clean,automatic,4wd,co
26599,2017,48224,clean,automatic,4wd,co
23994,2013,85753,clean,automatic,4wd,co
19994,2012,103351,clean,automatic,4wd,co
15999,2008,193982,clean,automatic,4wd,co
21999,2010,127917,clean,automatic,4wd,co
13995,2009,279562,clean,automatic,rwd,ca
23900,2015,64579,clean,automatic,4wd,sc
24999,2012,96499,clean,automatic,4wd,ca
32700,2018,35200,clean,automatic,4wd,ca
27777,2016,100013,clean,automatic,4wd,ca
17999,2006,175857,clean,automatic,4wd,ca
6000,2001,282404,clean,manual,4wd,ca
6000,2001,282404,clean,manual,4wd,ca
9400,2010,135441,clean,automatic,fwd,co
29995,2016,31007,clean,automatic,4wd,dc
25550,2015,99213,clean,automatic,4wd,co
29995,2016,31007,clean,automatic,4wd,dc
14000,2006,144000,clean,manual,4wd,sc
11880,2009,198944,clean,automatic,4wd,al
10000,2013,93300,clean,automatic,rwd,dc
27000,2015,59000,lien,automatic,4wd,co
13995,2009,164316,clean,automatic,4wd,oh
20000,2012,115380,clean,automatic,4wd,ks
18500,2010,155000,clean,automatic,4wd,co
23799,2015,24634,clean,automatic,rwd,al
16900,2014,159007,clean,automatic,4wd,ks
20000,2012,115380,clean,automatic,4wd,ks
29950,2019,26400,clean,automatic,4wd,sc
18900,2013,94560,clean,automatic,4wd,ks
18900,2013,94560,clean,automatic,4wd,ks
7800,2001,188302,clean,automatic,rwd,al
28500,2016,54800,clean,automatic,4wd,ks
25150,2015,53350,clean,automatic,4wd,ks
15495,2008,105239,clean,automatic,4wd,dc
24987,2017,27392,clean,automatic,rwd,al
4000,2000,240000,clean,manual,4wd,dc
30999,2017,22500,lien,automatic,4wd,dc
5900,2006,203142,clean,automatic,rwd,sc
10990,2007,130301,clean,automatic,4wd,dc
20200,2017,66000,clean,automatic,rwd,sc
19900,2012,133500,clean,automatic,rwd,sc
4000,2001,312000,clean,automatic,rwd,tx
29991,2017,27303,clean,automatic,4wd,tx
20920,2014,116751,clean,automatic,4wd,tx
24995,2016,75938,clean,automatic,4wd,al
9999,2006,198735,clean,automatic,4wd,me
10999,2008,191507,clean,automatic,4wd,me
10000,2007,45000,clean,automatic,rwd,dc
27950,2018,16422,clean,automatic,rwd,al
31950,2018,54254,clean,automatic,4wd,al
29691,2018,40889,clean,automatic,4wd,tx
29691,2018,40889,clean,automatic,4wd,tx
7995,2001,139520,clean,automatic,rwd,tx
29952,2017,38483,clean,automatic,4wd,tx
8952,2003,129528,clean,automatic,rwd,tx
10000,2011,130000,clean,automatic,rwd,ks
27400,2016,66566,clean,automatic,4wd,ks
11599,2006,229628,clean,automatic,rwd,al
17500,2014,99000,clean,automatic,rwd,sc
29370,2016,66038,clean,manual,4wd,al
22490,2017,42070,clean,automatic,rwd,tx
28900,2017,58538,clean,automatic,4wd,ak
34500,2019,18326,clean,automatic,4wd,ak
7500,2008,327000,clean,automatic,rwd,al
26194,2014,59848,clean,other,4wd,ak
5900,2008,114000,clean,manual,4wd,ny
11995,2010,127137,clean,automatic,rwd,tx
26896,2019,7286,clean,automatic,4wd,me
13995,2011,168955,clean,automatic,4wd,tx
8000,2005,200000,clean,manual,4wd,fl
14900,2012,51500,rebuilt,automatic,4wd,ak
7400,2009,147000,clean,automatic,rwd,fl
29995,2017,22443,clean,automatic,rwd,fl
10900,2005,164450,clean,automatic,rwd,az
29675,2017,88062,clean,automatic,4wd,ks
20952,2017,34629,clean,automatic,rwd,fl
14998,2005,135477,clean,automatic,rwd,tx
25952,2015,48217,clean,automatic,4wd,fl
39999,2019,2795,clean,automatic,4wd,ak
31999,2016,48726,clean,automatic,4wd,ak
20000,2010,86700,clean,automatic,4wd,ak
29995,2016,88251,clean,automatic,4wd,ks
6000,2001,127,clean,automatic,4wd,pa
34000,2017,31000,clean,automatic,4wd,ak
21977,2017,39468,clean,automatic,rwd,fl
23903,2016,27125,clean,automatic,rwd,fl
22490,2017,42070,clean,automatic,rwd,tx
8995,1997,126370,clean,manual,4wd,co
23595,2015,89978,clean,automatic,4wd,ak
8999,2008,183000,clean,manual,rwd,co
6700,2001,191000,clean,automatic,rwd,az
9999,2006,103432,clean,manual,rwd,co
14999,2007,226035,clean,automatic,4wd,co
12999,2007,208796,clean,manual,4wd,co
28999,2017,24396,clean,automatic,4wd,co
30599,2017,33246,clean,automatic,4wd,co
28598,2017,62028,clean,automatic,4wd,co
30598,2017,53634,clean,automatic,4wd,co
26594,2017,34600,clean,automatic,4wd,co
26599,2017,48224,clean,automatic,4wd,co
23994,2013,85753,clean,automatic,4wd,co
19994,2012,103351,clean,automatic,4wd,co
15999,2008,193982,clean,automatic,4wd,co
21999,2010,127917,clean,automatic,4wd,co
21995,2009,114389,clean,automatic,4wd,az
24995,2013,122238,clean,automatic,4wd,az
18500,2015,63000,lien,automatic,4wd,az
7000,2004,190000,salvage,automatic,rwd,sc
13999,2010,142889,clean,manual,4wd,co
9500,2004,200000,salvage,automatic,4wd,tx
24895,2016,89956,clean,automatic,4wd,fl
23900,2012,79854,clean,automatic,4wd,ky
4200,1998,302000,clean,manual,4wd,ky
19952,2014,83085,clean,automatic,rwd,fl
24999,2012,96499,clean,automatic,4wd,ca
27777,2016,100013,clean,automatic,4wd,ca
32700,2018,35200,clean,automatic,4wd,ca
17999,2006,175857,clean,automatic,4wd,ca
11995,2006,132930,clean,automatic,4wd,ri
23975,2015,63367,clean,automatic,4wd,ri
27975,2018,14738,clean,automatic,4wd,ri
27600,2014,76328,clean,automatic,4wd,ca
17999,2006,175857,clean,automatic,4wd,ca
32700,2018,35200,clean,automatic,4wd,ca
27777,2016,100013,clean,automatic,4wd,ca
24999,2012,96499,clean,automatic,4wd,ca
26275,2015,79167,clean,automatic,4wd,co
20000,2016,50000,clean,automatic,fwd,az
22000,2015,94800,clean,automatic,4wd,co
27952,2016,59711,clean,automatic,4wd,az
12000,2005,169000,clean,manual,4wd,sc
9999,2006,103432,clean,manual,rwd,co
12444,2006,97390,clean,manual,fwd,co
26999,2015,77409,clean,automatic,4wd,co
18800,2013,101958,clean,automatic,4wd,ct
19450,2015,117085,clean,automatic,4wd,ct
13650,2011,151410,clean,automatic,4wd,ct
12500,2011,136250,salvage,manual,4wd,ca
23795,2018,8204,clean,automatic,rwd,fl
16400,2011,137000,clean,automatic,rwd,fl
28000,2018,15261,clean,automatic,4wd,fl
17990,2011,137893,clean,automatic,4wd,fl
18800,2013,101958,clean,automatic,4wd,ct
24300,2013,68358,lien,automatic,4wd,az
30777,2019,16237,clean,automatic,4wd,ct
17500,2016,70040,clean,automatic,rwd,az
18500,2016,51602,clean,automatic,rwd,az
18995,2017,50209,clean,automatic,rwd,az
21900,2013,97889,clean,manual,4wd,sc
29999,2016,60095,clean,automatic,4wd,wa
18800,2013,101958,clean,automatic,4wd,ct
29995,2018,2875,rebuilt,automatic,4wd,wa
7400,2009,147000,clean,automatic,rwd,fl
6800,1998,235325,clean,manual,4wd,wa
29995,2017,22443,clean,automatic,rwd,fl
13650,2011,151410,clean,automatic,4wd,ct
3500,1999,199919,clean,manual,4wd,wa
5500,2003,298698,clean,automatic,rwd,wa
15995,2013,126513,clean,automatic,fwd,fl
32995,2017,35721,clean,automatic,4wd,ca
42000,2019,9000,clean,manual,4wd,ca
3995,1996,203715,clean,automatic,rwd,fl
14995,2012,164854,clean,automatic,4wd,ky
29995,2017,22443,clean,automatic,rwd,fl
16900,2012,84563,clean,automatic,rwd,ky
26998,2015,35619,clean,automatic,fwd,fl
14998,2005,135477,clean,automatic,rwd,tx
10990,2009,214450,clean,automatic,fwd,la
27999,2015,43560,clean,manual,4wd,wa
31999,2018,20497,clean,automatic,4wd,wa
25998,2017,72080,clean,automatic,fwd,fl
24743,2016,46644,clean,automatic,rwd,ga
25500,2015,57150,clean,automatic,rwd,la
4500,2008,327000,clean,automatic,rwd,la
9495,2010,132658,clean,manual,rwd,fl
24900,2014,95156,clean,automatic,4wd,la
14500,2010,154000,lien,automatic,rwd,la
1000,2003,81000,clean,manual,4wd,me
15944,2012,114381,clean,automatic,4wd,me
30777,2019,16237,clean,automatic,4wd,me
12990,2006,200962,clean,automatic,fwd,ca
10990,2003,194637,clean,automatic,fwd,ca
8000,2003,285000,clean,manual,4wd,ca
9999,2013,158025,clean,automatic,rwd,ca
18990,2013,168911,clean,automatic,fwd,ca
9950,2004,134649,clean,automatic,fwd,al
18952,2015,106333,clean,automatic,rwd,al
9400,2006,195900,clean,automatic,rwd,nc
6500,2009,104000,clean,manual,rwd,me
16588,2012,149000,clean,automatic,rwd,ca
9999,2013,158025,clean,automatic,rwd,ca
16000,2008,135000,clean,automatic,rwd,ca
16588,2012,149000,clean,automatic,rwd,ca
18995,2011,90099,clean,automatic,4wd,me
5500,2001,204000,clean,automatic,rwd,az
18500,2011,79000,clean,automatic,rwd,sc
29000,2017,12000,clean,automatic,rwd,az
7500,2007,103640,clean,automatic,rwd,in
12977,2005,106,clean,manual,rwd,az
24988,2013,50745,clean,automatic,4wd,sd
14998,2005,135477,clean,automatic,rwd,tx
8000,2001,130730,clean,manual,rwd,az
24000,2014,62762,clean,automatic,rwd,az
22000,2013,101000,clean,automatic,4wd,az
9950,2013,177000,clean,automatic,rwd,az
7995,2004,154228,clean,manual,rwd,az
30790,2017,54903,clean,automatic,4wd,id
8500,2002,151000,clean,manual,4wd,ny
8500,2004,215000,clean,manual,4wd,ca
28988,2015,56884,clean,automatic,4wd,ca
9995,2009,142686,clean,automatic,rwd,fl
23995,2015,103040,clean,automatic,4wd,me
17999,2014,93400,clean,manual,4wd,me
13995,2008,151000,clean,automatic,4wd,me
6500,2009,269000,clean,automatic,rwd,me
21900,2015,80600,clean,automatic,4wd,md
20500,2015,117085,clean,automatic,4wd,ct
18800,2013,101958,clean,automatic,4wd,ct
6553,2005,132956,clean,automatic,rwd,ia
23952,2013,54587,clean,automatic,4wd,fl
9950,2013,177000,clean,automatic,rwd,az
17250,2003,75600,clean,automatic,4wd,ia
5995,2010,143318,clean,automatic,rwd,nj
25952,2015,48217,clean,automatic,4wd,fl
15995,2015,95311,clean,automatic,rwd,az
14500,2013,82000,salvage,automatic,4wd,nj
13295,2007,169314,clean,automatic,4wd,id
8900,2007,213000,clean,automatic,rwd,az
26952,2018,33609,clean,automatic,rwd,fl
12700,2015,108565,clean,automatic,rwd,fl
16250,2016,85795,clean,automatic,rwd,fl
22498,2014,88894,clean,automatic,4wd,fl
9750,2006,216076,clean,automatic,4wd,va
25998,2017,72080,clean,automatic,fwd,fl
3500,1999,261000,clean,manual,rwd,tn
24998,2016,83872,clean,automatic,fwd,fl
14995,2007,109872,clean,automatic,rwd,az
23952,2015,40167,clean,automatic,rwd,fl
21952,2018,10283,clean,automatic,rwd,fl
17952,2013,71991,clean,manual,4wd,fl
11495,2007,165300,clean,automatic,4wd,fl
7900,2008,82600,clean,automatic,4wd,ny
27952,2015,49985,clean,automatic,4wd,az
5200,2008,243000,clean,automatic,rwd,tn
18535,2013,102203,clean,automatic,rwd,fl
17995,2014,45000,clean,automatic,rwd,az
6999,2016,225000,clean,automatic,rwd,ca
13450,2011,151410,clean,automatic,4wd,md
17995,2010,122736,clean,automatic,4wd,md
12995,2006,147966,clean,automatic,4wd,md
9000,2009,251542,clean,automatic,rwd,fl
16900,2011,167372,clean,automatic,rwd,tx
23900,2014,115589,clean,automatic,4wd,tx
6495,2005,233591,clean,automatic,4wd,nj
26999,2014,80803,clean,automatic,4wd,ak
28900,2017,35015,lien,manual,4wd,ma
33000,2018,27400,clean,automatic,4wd,nj
6999,2009,120,clean,manual,4wd,ma
12995,2007,162322,clean,automatic,4wd,ma
13995,2015,71970,clean,automatic,rwd,nj
11799,2006,114530,clean,automatic,rwd,nj
25888,2016,50169,clean,automatic,rwd,fl
7995,2003,80170,clean,manual,rwd,fl
7600,2005,119000,clean,automatic,rwd,fl
13995,2011,174075,clean,automatic,rwd,fl
25998,2017,72080,clean,automatic,fwd,fl
26998,2015,35619,clean,automatic,fwd,fl
24998,2016,83872,clean,automatic,fwd,fl
8450,2004,153414,clean,manual,4wd,fl
26995,2018,23500,rebuilt,automatic,4wd,az
26995,2015,67629,clean,automatic,4wd,wa
7000,2004,213000,clean,automatic,fwd,az
9999,2013,158025,clean,automatic,rwd,ca
11999,2008,1,clean,automatic,fwd,az
5800,2003,268000,clean,automatic,rwd,az
27952,2015,49985,clean,automatic,4wd,az
19500,2015,8360,rebuilt,automatic,rwd,az
10995,2006,120274,clean,automatic,rwd,az
14995,2006,143376,clean,automatic,rwd,az
28999,2017,65254,clean,manual,4wd,co
19999,2012,111655,clean,automatic,rwd,co
16900,2008,110160,clean,automatic,4wd,co
12500,2009,170566,clean,automatic,fwd,tx
30777,2019,16237,clean,automatic,4wd,ma
22490,2017,42070,clean,automatic,rwd,tx
21491,2012,102809,clean,automatic,4wd,co
28950,2019,12283,salvage,automatic,4wd,ut
11500,2008,80000,rebuilt,automatic,4wd,ut
33895,2019,12858,clean,automatic,4wd,ut
29950,2014,51000,clean,automatic,4wd,ut
4500,2001,73500,clean,automatic,rwd,vt
11495,2009,213911,clean,manual,4wd,co
14995,2007,234187,clean,automatic,4wd,co
20999,2013,101413,clean,automatic,rwd,co
25999,2014,88307,clean,other,4wd,co
9400,2010,135441,clean,automatic,fwd,co
19500,2013,107000,lien,automatic,4wd,co
8000,2001,178000,clean,automatic,4wd,co
9500,2003,133000,clean,automatic,4wd,ma
30777,2019,16237,clean,automatic,4wd,vt
17995,2007,147000,clean,automatic,4wd,wa
25990,2015,39725,clean,automatic,4wd,vt
3000,1998,207000,clean,manual,rwd,wa
22000,2012,69258,clean,automatic,4wd,vt
7995,2004,147671,clean,manual,4wd,vt
12995,2007,124716,clean,automatic,4wd,vt
7500,2001,228469,clean,automatic,4wd,va
19700,2007,138000,clean,automatic,fwd,va
16995,2014,64844,clean,automatic,rwd,ca
8500,2013,48255,clean,automatic,fwd,fl
32700,2018,35200,clean,automatic,4wd,ca
24999,2012,96499,clean,automatic,4wd,ca
27777,2016,100013,clean,automatic,4wd,ca
17999,2006,175857,clean,automatic,4wd,ca
5995,2010,143318,clean,automatic,rwd,nj
14977,2008,126865,clean,automatic,rwd,az
5500,2009,215000,clean,automatic,rwd,ma
24900,2016,18000,rebuilt,automatic,4wd,tn
24998,2016,83872,clean,automatic,fwd,fl
9495,2010,132658,clean,manual,rwd,fl
25990,2015,39725,clean,automatic,4wd,ma
17995,2010,84542,clean,automatic,4wd,il
10500,2011,109000,clean,automatic,4wd,il
10950,2002,159887,clean,automatic,4wd,va
27000,2016,46900,clean,manual,4wd,va
25900,2015,68314,clean,automatic,4wd,ma
27999,2015,66580,clean,automatic,4wd,va
28990,2017,51379,clean,manual,4wd,va
18950,2018,48806,clean,automatic,4wd,ny
17999,2013,111886,clean,automatic,4wd,nj
13950,2017,61773,salvage,automatic,4wd,ny
4200,1998,146000,clean,automatic,rwd,ia
17995,2010,122736,clean,automatic,4wd,va
16900,2013,93000,clean,manual,4wd,ma
12995,2006,147966,clean,automatic,4wd,va
10999,2008,191507,clean,automatic,4wd,ma
9999,2006,198735,clean,automatic,4wd,ma
9000,2006,195000,clean,automatic,rwd,nm
6000,2007,190000,clean,automatic,fwd,nm
8990,2006,177461,clean,automatic,fwd,tn
12995,2007,162322,clean,automatic,4wd,ma
11995,2006,132930,clean,automatic,4wd,ma
27590,2017,51395,clean,automatic,4wd,nm
6900,2002,207800,clean,automatic,rwd,tn
10500,2008,205,clean,automatic,4wd,tn
17500,2006,116500,clean,automatic,4wd,nm
13000,2008,121000,rebuilt,manual,4wd,nm
409,2014,48813,clean,automatic,4wd,nm
27905,2019,6438,clean,automatic,rwd,az
11500,2005,117000,clean,automatic,rwd,nm
13000,2008,121000,rebuilt,manual,4wd,nm
2000,2007,138528,clean,manual,rwd,ny
4000,2004,198000,clean,manual,rwd,va
12995,2007,162322,clean,automatic,4wd,ma
11995,2006,132930,clean,automatic,4wd,ma
9995,2011,161000,clean,automatic,4wd,ny
9995,2013,127277,clean,automatic,rwd,ny
10997,2015,144650,clean,automatic,rwd,mi
16900,2012,90000,salvage,automatic,4wd,nm
13900,2006,129416,clean,automatic,4wd,mi
30000,2012,75000,clean,automatic,4wd,nm
13000,2008,121000,rebuilt,manual,4wd,nm
23888,2015,45506,clean,automatic,4wd,ny
18950,2017,50925,salvage,automatic,rwd,fl
19765,2014,62403,clean,automatic,rwd,ny
22500,2006,158000,clean,automatic,4wd,nm
14770,2011,108775,clean,automatic,4wd,ny
9000,2008,230000,clean,automatic,4wd,ny
14400,2005,79556,clean,automatic,4wd,ny
19499,2013,127501,clean,automatic,4wd,va
26900,2015,53390,clean,automatic,4wd,ma
10900,2008,124637,clean,automatic,4wd,ma
26900,2015,53390,clean,automatic,4wd,ny
8850,2010,156000,clean,automatic,4wd,ny
8850,2010,156000,clean,automatic,4wd,ny
3500,1995,189000,clean,automatic,4wd,ma
8850,2010,156000,clean,automatic,4wd,ny
16995,2011,121000,clean,automatic,4wd,nh
35900,2019,9775,clean,automatic,4wd,ma
8995,1997,126370,clean,manual,4wd,co
8500,2006,112746,clean,automatic,rwd,ma
15944,2012,114381,clean,automatic,4wd,ny
11495,2009,213911,clean,manual,4wd,co
28999,2016,43000,clean,automatic,4wd,ma
15944,2012,114381,clean,automatic,4wd,nh
13995,2008,151000,clean,automatic,4wd,nh
14995,2010,144000,clean,automatic,4wd,nh
13995,2010,118000,clean,automatic,4wd,nh
16995,2014,157000,clean,automatic,4wd,nh
9995,2008,160000,clean,manual,4wd,nh
14995,2013,108000,clean,automatic,4wd,nh
16995,2013,115000,clean,automatic,4wd,nh
11995,2007,142000,clean,automatic,4wd,nh
11995,2005,130000,clean,automatic,4wd,nh
15995,2011,90000,clean,automatic,4wd,nh
9995,2007,176000,clean,manual,4wd,nh
16995,2011,121000,clean,automatic,4wd,nh
14995,2010,167000,clean,automatic,4wd,nh
16995,2010,95000,clean,automatic,4wd,nh
14995,2012,150000,clean,automatic,4wd,nh
16995,2011,111000,clean,automatic,4wd,nh
14995,2010,121000,clean,manual,4wd,nh
15995,2014,139000,clean,automatic,4wd,nh
12995,2008,157000,clean,automatic,4wd,nh
15995,2011,134000,clean,automatic,4wd,nh
11995,2005,112000,clean,manual,4wd,nh
12952,2008,188722,clean,automatic,4wd,fl
30777,2019,16237,clean,automatic,4wd,nh
30777,2019,16237,clean,automatic,4wd,nh
9995,2006,168000,clean,automatic,4wd,nh
14990,2011,108229,clean,automatic,4wd,nh
17995,2011,100000,clean,automatic,4wd,nh
11995,2008,153000,clean,automatic,4wd,nh
4000,1999,99000,clean,automatic,rwd,ar
20997,2010,105593,clean,automatic,4wd,ny
20996,2014,115783,clean,automatic,rwd,fl
15487,2008,91514,clean,manual,4wd,wi
9495,2005,144000,clean,manual,4wd,nh
24990,2016,78729,clean,automatic,rwd,fl
14995,2009,100000,clean,automatic,4wd,nh
10495,2005,1,clean,automatic,fwd,fl
5800,2006,257000,clean,automatic,rwd,in
29675,2017,88062,clean,automatic,4wd,ar
4500,1999,159,clean,automatic,fwd,fl
16013,2010,153190,clean,automatic,4wd,ia
12800,2006,157507,clean,automatic,rwd,in
14950,2016,92520,salvage,automatic,4wd,fl
9700,2009,112082,clean,other,rwd,fl
8988,2005,205100,clean,manual,4wd,ny
12995,2008,148000,clean,automatic,4wd,nh
12995,2006,121000,clean,automatic,4wd,nh
11995,2010,105000,clean,manual,4wd,nh
10995,2005,132000,clean,automatic,4wd,nh
9999,2006,198735,clean,automatic,4wd,nh
10999,2008,191507,clean,automatic,4wd,nh
16990,2012,139007,clean,automatic,4wd,nh
15995,2012,105000,clean,manual,4wd,nh
11495,2009,213911,clean,manual,4wd,co
29900,2018,11975,clean,automatic,4wd,nh
29675,2017,88062,clean,automatic,4wd,ar
27097,2016,60482,clean,automatic,4wd,mi
22530,2012,56600,clean,automatic,4wd,mi
12995,2011,96000,clean,manual,4wd,nh
6500,2004,163196,clean,automatic,4wd,mi
10997,2015,144650,clean,automatic,rwd,mi
11997,2015,129835,clean,automatic,rwd,mi
28500,2015,38000,clean,automatic,4wd,co
24000,2014,105000,lien,automatic,4wd,co
14995,2007,234187,clean,automatic,4wd,co
10997,2015,144650,clean,automatic,rwd,mi
11495,2009,213911,clean,manual,4wd,co
9995,2007,176000,clean,manual,4wd,nh
29950,2016,50295,clean,automatic,4wd,co
30777,2019,16237,clean,automatic,4wd,nh
29513,2017,88062,clean,automatic,4wd,ar
18800,2013,101958,clean,automatic,4wd,ct
18900,2015,117085,clean,automatic,4wd,ct
2500,2016,66836,rebuilt,automatic,4wd,fl
6500,2001,110000,clean,automatic,4wd,ct
11000,2013,172000,clean,automatic,rwd,ar
28000,2017,17655,clean,automatic,4wd,ct
24995,2017,92353,clean,automatic,rwd,ca
29513,2017,88062,clean,automatic,4wd,ar
10200,2003,99071,clean,automatic,4wd,oh
23975,2015,63367,clean,automatic,4wd,ct
27975,2018,14738,clean,automatic,4wd,ct
3500,2007,241000,clean,automatic,rwd,oh
25977,2016,71627,clean,automatic,4wd,oh
7400,2009,147000,clean,automatic,rwd,fl
15905,2006,148951,clean,automatic,4wd,ca
25990,2015,39725,clean,automatic,4wd,ny
6900,2001,236250,clean,automatic,rwd,fl
7700,2002,86129,clean,automatic,rwd,fl
16000,2009,115000,rebuilt,automatic,4wd,oh
18900,2015,117085,clean,automatic,4wd,ct
18800,2013,101958,clean,automatic,4wd,ct
15905,2006,148951,clean,automatic,4wd,ca
9990,2014,107186,clean,automatic,fwd,va
27575,2016,28492,clean,automatic,rwd,fl
24835,2015,44585,clean,automatic,rwd,fl
14997,2011,180442,clean,automatic,4wd,ny
18800,2013,101958,clean,automatic,4wd,ct
19450,2015,117085,clean,automatic,4wd,ct
18000,2010,86000,clean,automatic,4wd,ny
13999,2009,172737,clean,automatic,4wd,wa
9995,2006,170713,clean,automatic,fwd,oh
28988,2015,56884,clean,automatic,4wd,ca
40000,2018,8071,clean,automatic,4wd,ca
9995,1997,111416,clean,manual,rwd,ca
4000,2004,132700,clean,automatic,rwd,fl
17952,2012,83697,clean,automatic,4wd,oh
29765,2017,59097,clean,automatic,4wd,ca
25977,2016,71627,clean,automatic,4wd,oh
19500,2011,124000,clean,automatic,4wd,ny
10999,2008,218135,clean,automatic,4wd,va
18950,2013,116007,rebuilt,automatic,4wd,mn
26000,2016,29000,rebuilt,automatic,4wd,mn
7500,2005,265000,clean,automatic,rwd,ks
6500,2002,157000,clean,manual,rwd,ca
56999,2016,21105,clean,automatic,4wd,ca
27777,2016,100013,clean,automatic,4wd,ca
32700,2018,35200,clean,automatic,4wd,ca
24999,2012,96499,clean,automatic,4wd,ca
17999,2006,175857,clean,automatic,4wd,ca
9995,1997,111416,clean,manual,rwd,ca
3000,1999,186000,clean,automatic,rwd,va
14495,2008,143000,clean,manual,4wd,va
18995,2012,107500,clean,automatic,fwd,ca
30848,2018,14441,clean,automatic,4wd,ia
10995,2006,96880,clean,automatic,rwd,ca
6250,1996,266000,clean,manual,4wd,ks
16393,2008,95477,clean,automatic,rwd,tx
28551,2017,10702,clean,automatic,rwd,tx
24900,2014,113000,clean,automatic,4wd,nc
19700,2007,138000,clean,automatic,fwd,va
10999,2007,185999,clean,manual,4wd,va
17700,2007,149560,clean,automatic,4wd,va
13987,2015,99740,clean,automatic,rwd,nc
17700,2005,175391,clean,automatic,4wd,va
12995,2006,147966,clean,automatic,4wd,va
17000,2013,99500,clean,automatic,4wd,ga
11921,2006,176106,clean,automatic,rwd,tx
27900,2016,30200,clean,automatic,4wd,nc
5450,1999,220000,clean,automatic,rwd,fl
13900,2006,129416,clean,automatic,4wd,mi
8995,2002,286175,clean,automatic,fwd,ca
4400,1999,315000,clean,automatic,4wd,ca
10999,2008,218135,clean,automatic,4wd,va
2500,2001,169000,clean,manual,rwd,fl
3500,2000,139364,clean,automatic,rwd,fl
7990,2002,223417,clean,automatic,fwd,ca
8990,2006,177461,clean,automatic,fwd,tn
17995,2007,147000,clean,automatic,4wd,or
23995,2014,80989,clean,automatic,4wd,or
16500,2012,49600,clean,manual,rwd,ca
8999,2009,225447,clean,automatic,rwd,va
2700,1999,230000,clean,manual,rwd,ca
8999,2008,137513,clean,automatic,fwd,va
16400,2009,91176,clean,automatic,4wd,va
17999,2006,175857,clean,automatic,4wd,ca
27777,2016,100013,clean,automatic,4wd,ca
24999,2012,96499,clean,automatic,4wd,ca
32700,2018,35200,clean,automatic,4wd,ca
24961,2015,46862,clean,automatic,fwd,ca
7995,2008,111000,clean,automatic,rwd,ca
9995,2004,206500,clean,automatic,4wd,va
1800,2003,145000,clean,automatic,rwd,ky
21495,2012,107000,clean,automatic,4wd,va
18500,2010,81492,clean,automatic,4wd,ca
8500,2003,154000,clean,manual,4wd,va
24961,2015,46862,clean,automatic,fwd,ca
34950,2016,20810,clean,automatic,4wd,wa
29999,2016,60095,clean,automatic,4wd,wa
19995,2011,138858,clean,automatic,4wd,ca
32999,2016,24114,clean,automatic,4wd,wa
15905,2006,148951,clean,automatic,4wd,ca
18952,2012,87699,clean,automatic,4wd,tn
27980,2016,77000,clean,automatic,4wd,ky
17999,2006,175857,clean,automatic,4wd,ca
29952,2016,48636,clean,automatic,4wd,tn
35900,2019,11139,clean,automatic,4wd,tn
32700,2018,35200,clean,automatic,4wd,ca
24999,2012,96499,clean,automatic,4wd,ca
29995,2017,26238,rebuilt,automatic,4wd,wa
10900,2003,97938,clean,automatic,4wd,tn
27777,2016,100013,clean,automatic,4wd,ca
25998,2017,72080,clean,automatic,fwd,fl
15999,2015,60513,clean,automatic,rwd,wa
30952,2016,28104,clean,automatic,4wd,tx
13000,2008,121000,rebuilt,manual,4wd,tx
29988,2016,67244,clean,automatic,4wd,tx
14988,2009,143936,clean,automatic,rwd,tx
27000,2018,72152,clean,automatic,4wd,tn
19988,2012,134307,clean,automatic,rwd,tx
19995,2011,138858,clean,automatic,4wd,ca
26998,2015,35619,clean,automatic,fwd,fl
467,2019,1954,clean,automatic,4wd,wa
22971,2016,55814,clean,automatic,rwd,fl
18985,2010,132925,clean,automatic,4wd,wa
34950,2016,20810,clean,automatic,4wd,wa
5000,2003,298698,clean,automatic,rwd,wa
27999,2016,50230,clean,automatic,4wd,wa
18999,2014,59986,clean,manual,4wd,wa
33999,2017,52169,clean,automatic,4wd,wa
16800,2013,85000,rebuilt,automatic,4wd,ky
3995,1997,138000,clean,automatic,rwd,ky
29995,2017,26238,rebuilt,automatic,4wd,wa
9995,2011,161000,clean,automatic,4wd,ny
27980,2016,77000,clean,automatic,4wd,ky
13900,2006,129416,clean,automatic,4wd,mi
3295,2002,254654,clean,manual,rwd,ky
2495,2001,130606,clean,manual,fwd,oh
17999,2006,175857,clean,automatic,4wd,ca
14995,2012,164854,clean,automatic,4wd,ky
22797,2017,62914,clean,automatic,4wd,oh
13500,2006,158595,clean,automatic,rwd,ca
13999,2009,172737,clean,automatic,4wd,wa
3387,2010,117600,clean,automatic,rwd,ny
12500,2005,119000,salvage,automatic,4wd,or
28997,2014,86837,clean,manual,4wd,or
18985,2010,132925,clean,automatic,4wd,wa
27999,2016,50230,clean,automatic,4wd,wa
18999,2014,59986,clean,manual,4wd,wa
33999,2017,52169,clean,automatic,4wd,wa
15999,2015,60513,clean,automatic,rwd,wa
17995,2007,147000,clean,automatic,4wd,or
27999,2016,50230,clean,automatic,4wd,wa
18999,2014,59986,clean,manual,4wd,wa
33999,2017,52169,clean,automatic,4wd,wa
30000,2018,37000,clean,automatic,4wd,tx
15997,2004,166089,clean,automatic,4wd,or
28997,2014,86837,clean,manual,4wd,or
29995,2018,2875,rebuilt,automatic,4wd,or
29995,2017,22443,clean,automatic,rwd,fl
3500,2003,296000,clean,automatic,rwd,la
6950,2009,180426,clean,automatic,rwd,la
13950,2016,25709,salvage,automatic,4wd,la
39988,2018,15000,clean,manual,4wd,ks
12000,1997,168000,clean,manual,4wd,or
14999,2007,195255,clean,automatic,4wd,or
23500,2015,25500,clean,automatic,4wd,nj
25998,2017,72080,clean,automatic,fwd,fl
8999,2008,70000,clean,manual,rwd,ca
20000,2017,86500,clean,automatic,rwd,tn
17950,2012,130543,clean,automatic,4wd,tn
10499,2009,103689,clean,automatic,fwd,fl
20190,2015,93517,clean,automatic,fwd,la
25290,2017,87029,clean,automatic,4wd,la
25999,2018,5680,clean,automatic,rwd,ca
24998,2016,83872,clean,automatic,fwd,fl
13995,2014,88139,clean,automatic,rwd,ca
24998,2016,83872,clean,automatic,fwd,fl
9299,2013,206727,clean,automatic,rwd,tn
8990,2006,177461,clean,automatic,fwd,tn
13499,2001,213868,clean,automatic,4wd,ca
24999,2012,96499,clean,automatic,4wd,ca
6950,2009,180426,clean,automatic,rwd,la
14988,2010,103256,clean,manual,rwd,wa
5000,2000,215000,clean,automatic,rwd,wa
17951,2016,41178,clean,automatic,rwd,fl
9000,2013,74000,rebuilt,automatic,rwd,ky
28988,2015,56884,clean,automatic,4wd,ca
8500,1999,230000,clean,automatic,rwd,ca
6500,1997,182000,clean,manual,4wd,wa
12978,2006,128252,clean,automatic,rwd,fl
7952,2013,150686,clean,automatic,rwd,fl
6200,2006,93800,clean,automatic,rwd,ma
13995,2007,162322,clean,automatic,4wd,ma
8700,2002,234000,clean,automatic,4wd,co
9200,2004,319000,clean,automatic,4wd,co
22999,2013,114127,clean,automatic,4wd,wa
20900,2015,121240,clean,automatic,4wd,ma
8000,2008,185000,clean,manual,4wd,me
13995,2007,162322,clean,automatic,4wd,ma
13999,2006,227527,clean,automatic,4wd,wa
25500,2014,61705,clean,automatic,4wd,ma
10490,2005,135482,clean,automatic,rwd,oh
12225,2007,148467,clean,automatic,4wd,ma
29995,2018,2875,rebuilt,automatic,4wd,or
13900,2006,129416,clean,automatic,4wd,mi
17900,2011,18000,clean,automatic,rwd,oh
18995,2011,90099,clean,automatic,4wd,me
21999,2011,113887,clean,automatic,4wd,wa
13995,2011,174075,clean,automatic,rwd,fl
10900,2012,162000,clean,automatic,4wd,tn
32800,2018,15312,clean,automatic,4wd,ky
7995,2010,190444,clean,manual,4wd,ny
11900,2014,97000,clean,automatic,4wd,me
13523,2008,150525,clean,automatic,4wd,mi
10888,2007,144090,clean,automatic,rwd,wa
32000,2019,17058,clean,automatic,4wd,id
29999,2016,60095,clean,automatic,4wd,wa
29995,2018,2875,rebuilt,automatic,4wd,id
31587,2017,17668,clean,automatic,4wd,wa
21995,2015,99267,clean,automatic,4wd,me
16995,2010,95000,clean,automatic,4wd,nh
16995,2013,115000,clean,automatic,4wd,nh
13000,2011,150000,clean,automatic,4wd,me
11995,2005,112000,clean,manual,4wd,nh
15944,2012,114381,clean,automatic,4wd,me
7995,2008,178864,clean,manual,4wd,me
16000,2010,88000,clean,automatic,4wd,me
14995,2010,131500,clean,manual,4wd,nh
18995,2011,90099,clean,automatic,4wd,me
3500,2001,243401,clean,manual,4wd,nh
15995,2011,134000,clean,automatic,4wd,me
26995,2017,22204,clean,automatic,4wd,nh
11999,2007,200294,clean,automatic,4wd,mo
14995,2010,144000,clean,automatic,4wd,nh
14995,2012,164854,clean,automatic,4wd,ky
14995,2008,119000,clean,automatic,4wd,nh
14995,2009,100000,clean,automatic,4wd,nh
16995,2014,157000,clean,automatic,4wd,nh
9995,2008,160000,clean,manual,4wd,nh
16995,2013,115000,clean,automatic,4wd,nh
11995,2007,142000,clean,automatic,4wd,nh
17995,2011,100000,clean,automatic,4wd,nh
11995,2008,153000,clean,automatic,4wd,nh
11995,2005,130000,clean,automatic,4wd,nh
9995,2007,176000,clean,manual,4wd,nh
16995,2011,121000,clean,automatic,4wd,nh
14995,2010,167000,clean,automatic,4wd,nh
12995,2008,148000,clean,automatic,4wd,nh
14995,2012,150000,clean,automatic,4wd,nh
16995,2011,111000,clean,automatic,4wd,nh
14995,2010,121000,clean,manual,4wd,nh
15995,2014,139000,clean,automatic,4wd,nh
15995,2011,134000,clean,automatic,4wd,nh
11995,2005,112000,clean,manual,4wd,nh
9995,2006,168000,clean,automatic,4wd,nh
25990,2015,39725,clean,automatic,4wd,me
16988,2008,90308,clean,automatic,rwd,ga
13995,2010,118000,clean,automatic,4wd,nh
25900,2015,74379,clean,automatic,4wd,la
15995,2011,90000,clean,automatic,4wd,nh
11200,2011,130700,clean,automatic,rwd,tx
30777,2019,16237,clean,automatic,4wd,me
4900,1999,216000,clean,automatic,rwd,ga
31952,2018,8170,clean,automatic,4wd,wa
28987,2016,64608,clean,manual,4wd,wa
34950,2016,20810,clean,automatic,4wd,wa
13950,2016,55898,salvage,automatic,rwd,la
9500,2009,192000,clean,automatic,4wd,me
13995,2010,169000,clean,automatic,4wd,me
22797,2017,62914,clean,automatic,4wd,oh
15690,2009,95521,clean,automatic,fwd,la
25900,2013,59500,clean,automatic,4wd,mo
34950,2016,20810,clean,automatic,4wd,wa
29999,2016,60095,clean,automatic,4wd,wa
10995,2006,96880,clean,automatic,rwd,ca
34950,2016,20810,clean,automatic,4wd,wa
31991,2018,34155,clean,automatic,4wd,wa
22000,2011,68500,clean,automatic,4wd,mn
28922,2017,39691,clean,automatic,4wd,tx
24881,2016,50033,clean,automatic,rwd,tx
26000,2016,29000,rebuilt,automatic,4wd,mn
20914,2016,102156,clean,automatic,rwd,tx
27777,2016,100013,clean,automatic,4wd,ca
32700,2018,35200,clean,automatic,4wd,ca
24999,2012,96499,clean,automatic,4wd,ca
25490,2017,64464,clean,automatic,4wd,la
24901,2016,44702,clean,automatic,rwd,tx
17999,2006,175857,clean,automatic,4wd,ca
3100,1998,164000,clean,automatic,rwd,ga
5500,2001,227888,clean,manual,rwd,ca
27929,2017,31687,clean,automatic,4wd,wa
24707,2018,24814,clean,automatic,rwd,tx
13999,2009,172737,clean,automatic,4wd,wa
17995,2007,147000,clean,automatic,4wd,wa
27777,2016,100013,clean,automatic,4wd,ca
33980,2018,23514,clean,automatic,4wd,id
13495,2007,169314,clean,automatic,4wd,id
24999,2012,96499,clean,automatic,4wd,ca
17999,2006,175857,clean,automatic,4wd,ca
32700,2018,35200,clean,automatic,4wd,ca
16991,2014,47368,clean,automatic,4wd,oh
6900,2002,214000,clean,manual,4wd,ca
14911,2010,122175,clean,automatic,fwd,oh
7000,2004,280000,clean,manual,4wd,ca
17995,2011,114014,clean,automatic,4wd,md
5500,2001,182758,clean,manual,rwd,ca
29000,2011,63399,clean,automatic,4wd,ca
25859,2013,44125,clean,automatic,4wd,wi
27777,2016,100013,clean,automatic,4wd,ca
9995,2005,158270,clean,automatic,rwd,ga
13995,2003,89477,clean,automatic,rwd,ga
22000,2013,90000,clean,manual,4wd,mt
7952,2002,172234,clean,automatic,rwd,ga
11880,2009,198944,clean,automatic,4wd,ga
10950,2000,90725,clean,automatic,4wd,mn
19500,2012,118000,rebuilt,automatic,4wd,ok
150,1996,239999,clean,manual,4wd,mt
32700,2018,35200,clean,automatic,4wd,ca
4000,1997,324000,clean,automatic,4wd,mt
26000,2019,12183,clean,automatic,rwd,ok
18790,2015,118387,clean,automatic,fwd,fl
8500,2006,209000,clean,manual,4wd,mt
7400,1999,217500,clean,manual,4wd,ca
30000,2019,6057,clean,automatic,4wd,wi
11495,2009,213911,clean,manual,4wd,co
8995,1997,126370,clean,manual,4wd,co
5000,1997,125561,clean,automatic,rwd,co
27500,2016,69700,clean,automatic,4wd,co
7499,2002,186505,clean,automatic,rwd,ga
14950,2009,168824,clean,automatic,4wd,ok
18800,2013,101958,clean,automatic,4wd,ct
19450,2015,117085,clean,automatic,4wd,ct
27999,2016,28015,clean,automatic,rwd,ga
27952,2017,29149,clean,automatic,rwd,ga
13920,2007,72000,clean,automatic,rwd,ga
32700,2018,35200,clean,automatic,4wd,ca
8771,2003,236943,clean,automatic,4wd,mt
29850,2018,22307,clean,automatic,rwd,ga
30895,2019,16998,clean,automatic,4wd,mt
24999,2012,96499,clean,automatic,4wd,ca
17999,2006,175857,clean,automatic,4wd,ca
27777,2016,100013,clean,automatic,4wd,ca
25150,2015,53350,clean,automatic,4wd,ok
11000,2008,240000,clean,automatic,4wd,nc
34694,2017,17147,clean,automatic,4wd,ca
30988,2017,19387,clean,automatic,fwd,hi
5500,2000,205400,clean,automatic,rwd,ok
9995,2005,175643,clean,automatic,4wd,mn
35988,2017,30476,clean,automatic,4wd,hi
9200,2001,182000,clean,manual,4wd,nm
27500,2019,1030,rebuilt,automatic,rwd,hi
22500,2006,158000,clean,automatic,4wd,nm
20000,2010,77123,clean,automatic,4wd,ma
29995,2016,39148,clean,automatic,rwd,hi
15944,2012,114381,clean,automatic,4wd,ny
23975,2015,63367,clean,automatic,4wd,ny
27975,2018,14738,clean,automatic,4wd,ny
12394,2008,185257,clean,automatic,fwd,wy
9999,2011,108491,clean,manual,rwd,hi
25999,2015,41192,clean,automatic,rwd,hi
14499,2011,106203,clean,manual,rwd,hi
25999,2015,41192,clean,automatic,rwd,hi
28900,2020,1000,lien,automatic,4wd,wy
28997,2014,86837,clean,automatic,4wd,or
14997,2011,180442,clean,automatic,4wd,ny
15800,2010,151000,clean,automatic,4wd,hi
22500,2013,117000,clean,automatic,4wd,wy
32997,2018,20948,clean,automatic,4wd,ga
22995,2014,81162,clean,automatic,4wd,or
9395,2007,169975,clean,automatic,rwd,hi
29000,2016,12806,clean,automatic,fwd,hi
9800,2001,170000,clean,manual,4wd,hi
29995,2017,26238,rebuilt,automatic,4wd,or
24750,2013,35000,lien,automatic,rwd,hi
7995,2006,73995,clean,manual,rwd,md
24998,2014,56000,clean,automatic,4wd,or
10900,2011,68225,clean,automatic,rwd,wi
25900,2015,74379,clean,automatic,4wd,al
29988,2016,50152,clean,automatic,4wd,hi
18000,2006,76000,clean,automatic,rwd,al
14995,2005,93040,clean,manual,4wd,ca
13500,2009,163205,clean,automatic,rwd,al
31900,2017,31070,clean,automatic,4wd,mn
23500,2016,39000,clean,automatic,4wd,or
3500,2001,216000,clean,automatic,rwd,ca
32990,2017,15302,clean,manual,4wd,or
26888,2016,23209,clean,automatic,rwd,hi
24995,2017,92353,clean,automatic,rwd,ca
12999,2008,158736,clean,automatic,rwd,hi
13500,2014,90930,clean,automatic,rwd,al
14990,2007,165757,clean,automatic,rwd,ca
14990,2014,123586,clean,automatic,rwd,ca
5700,2006,209812,clean,automatic,fwd,ca
20990,2009,117949,clean,automatic,4wd,or
10000,2010,130000,clean,manual,rwd,hi
15995,2011,92457,clean,manual,rwd,hi
14999,2006,136406,clean,automatic,fwd,ca
14900,2015,54500,clean,manual,rwd,or
19450,2015,117085,clean,automatic,4wd,ct
18800,2013,101958,clean,automatic,4wd,ct
25499,2015,85691,clean,automatic,4wd,hi
18800,2013,101958,clean,automatic,4wd,ct
19450,2015,117085,clean,automatic,4wd,ct
22777,2014,65276,clean,automatic,4wd,oh
16991,2014,47352,clean,automatic,4wd,oh
33999,2017,18001,clean,manual,4wd,hi
25499,2015,85691,clean,automatic,4wd,hi
27999,2017,34879,clean,automatic,rwd,hi
27487,2017,41569,clean,automatic,rwd,hi
27987,2017,18535,clean,automatic,rwd,hi
11000,2008,173238,clean,automatic,fwd,hi
21995,2011,90929,clean,automatic,rwd,hi
16995,2012,77774,clean,manual,rwd,hi
23500,2016,39000,clean,automatic,4wd,or
32472,2018,29080,clean,automatic,4wd,or
12900,2003,146000,clean,automatic,rwd,ca
229,2012,83975,clean,automatic,rwd,ca
3750,1995,230000,clean,manual,4wd,or
7500,2013,142525,clean,manual,rwd,or
17000,2013,59000,clean,automatic,rwd,hi
23188,2012,35530,clean,automatic,rwd,hi
13995,2011,174075,clean,automatic,rwd,fl
10990,2002,233078,clean,automatic,4wd,or
24988,2016,31293,clean,automatic,fwd,hi
15000,2012,154372,clean,automatic,4wd,il
9000,1998,273500,clean,manual,4wd,ca
14997,2011,180442,clean,automatic,4wd,ny
20990,2003,93080,clean,manual,4wd,or
6200,2006,93800,clean,automatic,rwd,ma
20990,2009,117949,clean,automatic,4wd,or
11995,2006,132930,clean,automatic,4wd,ma
12995,2007,162322,clean,automatic,4wd,ma
5000,2002,140200,salvage,automatic,rwd,ca
11500,2009,164000,clean,manual,4wd,ma
22000,2015,40000,clean,automatic,4wd,ma
7750,2002,245000,clean,automatic,rwd,ca
10997,2015,144650,clean,automatic,rwd,il
15759,2015,62272,clean,automatic,rwd,ca
6500,2005,190000,clean,manual,rwd,il
8900,2006,272000,clean,automatic,rwd,ca
11995,2006,132930,clean,automatic,4wd,ma
12995,2007,162322,clean,automatic,4wd,ma
10900,2008,124637,clean,automatic,4wd,ma
25500,2015,59000,clean,automatic,4wd,pa
28880,2018,18888,clean,automatic,rwd,hi
39988,2018,15455,clean,automatic,rwd,hi
23995,2016,57156,clean,automatic,rwd,hi
16000,2007,193000,clean,automatic,4wd,wa
16200,2002,170000,clean,automatic,4wd,wa
12500,2011,137200,clean,automatic,rwd,hi
28999,2014,51451,clean,automatic,4wd,wa
28000,2016,34700,clean,automatic,4wd,hi
17555,2014,67416,clean,automatic,rwd,ca
30000,2017,43831,clean,automatic,4wd,ca
23995,2015,51633,clean,automatic,fwd,hi
20995,2009,50200,clean,other,4wd,hi
31995,2018,39462,clean,automatic,4wd,hi
5500,2003,262000,clean,automatic,rwd,tx
30899,2017,23502,clean,automatic,rwd,ca
28495,2017,25364,clean,automatic,rwd,ca
22995,2017,126688,clean,automatic,4wd,mo
28997,2014,86837,clean,automatic,4wd,or
12225,2007,148467,clean,automatic,4wd,ma
27980,2016,77000,clean,automatic,4wd,oh
6900,2010,250000,clean,automatic,rwd,hi
29000,2018,14000,clean,automatic,rwd,hi
9400,2012,92000,rebuilt,automatic,rwd,hi
28997,2014,86837,clean,manual,4wd,hi
24872,2016,32132,clean,automatic,rwd,id
9990,1995,248499,clean,automatic,4wd,or
9995,2008,159099,clean,other,4wd,oh
17000,2013,54832,clean,manual,4wd,id
16952,2015,36569,clean,automatic,rwd,tn
14990,2002,209692,clean,automatic,4wd,or
6800,2006,87585,clean,manual,rwd,tn
28900,2016,43179,clean,automatic,4wd,tn
22777,2014,65276,clean,automatic,4wd,oh
8990,2006,177461,clean,automatic,fwd,tn
14990,2007,165757,clean,automatic,rwd,ca
14990,2014,123586,clean,automatic,rwd,ca
29900,2017,35777,clean,automatic,4wd,tn
12995,2008,131620,clean,manual,rwd,ca
15905,2006,148951,clean,automatic,4wd,ca
11590,2006,176002,clean,other,rwd,al
7000,2003,200771,clean,automatic,4wd,ms
15300,2011,167935,clean,other,4wd,al
29995,2017,26238,rebuilt,automatic,4wd,or
25900,2015,74379,clean,automatic,4wd,al
3700,2008,279000,clean,automatic,rwd,oh
3900,2002,199000,clean,manual,rwd,id
14975,2014,53931,clean,automatic,rwd,id
6499,2002,125000,clean,other,rwd,ca
5499,1996,181000,clean,manual,rwd,ca
9997,2014,115542,clean,automatic,rwd,mi
20488,2012,117396,clean,automatic,4wd,tx
16995,2013,121596,clean,automatic,fwd,ca
30952,2016,28104,clean,automatic,4wd,tx
21999,2013,89043,clean,automatic,fwd,ca
11995,2004,241072,clean,automatic,rwd,ca
12995,2007,207884,clean,manual,rwd,ca
12995,2011,188830,clean,automatic,rwd,ca
18950,2017,50925,salvage,automatic,rwd,ca
12900,2006,155607,clean,automatic,rwd,ms
32999,2018,22641,clean,automatic,4wd,tx
3950,2002,213000,clean,manual,rwd,ms
29750,2016,18133,clean,automatic,4wd,ca
26000,2014,57800,clean,manual,4wd,ca
6500,2004,215000,clean,manual,4wd,ca
13995,2006,152657,clean,automatic,rwd,ca
17000,2017,34000,rebuilt,automatic,rwd,or
9995,2003,164388,clean,manual,rwd,ca
11995,2014,193801,clean,automatic,rwd,ca
16990,2006,179146,clean,automatic,4wd,or
14998,2005,135477,clean,automatic,rwd,tx
29675,2017,88062,clean,automatic,4wd,mo
14988,2009,143936,clean,automatic,rwd,tx
29988,2016,67244,clean,automatic,4wd,tx
14977,2012,167430,clean,automatic,rwd,al
500,2002,211370,clean,automatic,rwd,or
24990,2016,94026,clean,automatic,4wd,al
23999,2017,30000,salvage,automatic,rwd,ca
4985,1996,181000,clean,manual,rwd,ca
6499,2002,125000,clean,other,rwd,ca
11900,2009,142400,clean,automatic,rwd,tx
11995,2006,132930,clean,automatic,4wd,ma
23975,2015,63367,clean,automatic,4wd,ma
27975,2018,14738,clean,automatic,4wd,ma
29999,2019,21570,clean,automatic,4wd,id
25900,2015,74379,clean,automatic,4wd,al
17800,2011,112000,clean,automatic,4wd,ny
20990,2009,117949,clean,automatic,4wd,or
10250,2007,206000,clean,automatic,4wd,wy
6999,2008,186804,clean,automatic,rwd,or
16990,2006,179146,clean,automatic,4wd,or
9990,1995,248499,clean,automatic,4wd,or
14990,2002,209692,clean,automatic,4wd,or
9995,2011,161000,clean,automatic,4wd,ny
13523,2008,150525,clean,automatic,4wd,mi
14500,2010,131500,lien,automatic,4wd,ca
11995,2006,132930,clean,automatic,4wd,ma
11997,2015,129835,clean,automatic,rwd,in
10997,2015,144650,clean,automatic,rwd,in
14000,2012,93000,clean,manual,4wd,ak
28950,2019,12283,salvage,automatic,4wd,mo
13995,2014,175028,clean,automatic,rwd,ca
15999,2006,154016,clean,automatic,4wd,or
24998,2014,56000,clean,automatic,4wd,id
28997,2014,86837,clean,automatic,4wd,or
20998,2013,89043,clean,automatic,fwd,ca
3995,2006,253222,clean,manual,rwd,or
18398,2017,82494,clean,automatic,fwd,ca
26997,2016,36050,clean,automatic,fwd,ca
25997,2018,19556,clean,automatic,fwd,ca
26997,2017,60830,clean,automatic,fwd,ca
18595,2014,74432,clean,automatic,fwd,ca
34597,2018,21736,clean,automatic,4wd,ca
22990,2009,117949,clean,automatic,4wd,or
18395,2013,123175,clean,automatic,fwd,ca
28000,2017,14500,salvage,manual,4wd,id
28495,2014,43231,clean,automatic,4wd,id
8995,2006,189295,clean,automatic,rwd,tx
31999,2017,40731,clean,automatic,4wd,ca
14000,2010,118000,clean,automatic,4wd,ak
9500,2004,137000,clean,automatic,rwd,or
22999,2016,21811,clean,automatic,rwd,or
6500,2002,175000,clean,automatic,rwd,wi
29995,2017,26238,rebuilt,automatic,4wd,or
19500,2015,95750,clean,manual,4wd,or
13990,2008,140310,clean,automatic,rwd,id
3200,1996,220000,clean,manual,rwd,or
14900,2004,146600,clean,automatic,fwd,or
23995,2015,133503,clean,automatic,4wd,id
6800,1999,230989,clean,manual,4wd,ca
5000,1998,3000051,clean,manual,4wd,or
19995,2010,122000,clean,automatic,4wd,id
18900,2011,81368,clean,automatic,4wd,ma
13295,2007,169314,clean,automatic,4wd,id
20920,2014,116751,clean,automatic,4wd,tx
23525,2016,50033,clean,automatic,rwd,tx
11900,2003,183000,clean,automatic,4wd,or
32786,2018,19313,clean,manual,4wd,id
31742,2017,37219,clean,automatic,4wd,id
18985,2010,132925,clean,automatic,4wd,id
72500,2019,228,clean,manual,4wd,id
36998,2017,39272,clean,manual,4wd,id
27524,2018,17817,clean,automatic,rwd,tx
26915,2016,45350,clean,automatic,rwd,tx
15000,2007,153000,clean,automatic,4wd,id
7200,1999,230880,clean,manual,4wd,nv
12300,2004,185000,clean,automatic,4wd,az
30981,2019,18987,clean,automatic,4wd,tx
18999,2010,124933,clean,automatic,4wd,id
29995,2017,26238,rebuilt,automatic,4wd,or
17995,2011,118295,clean,automatic,4wd,mi
12525,2000,190000,clean,automatic,4wd,or
12525,2000,190000,clean,automatic,4wd,or
19000,2010,161000,clean,automatic,4wd,or
30000,2019,24040,clean,automatic,4wd,id
30995,2017,34106,clean,automatic,4wd,id
13999,2009,172737,clean,automatic,4wd,id
29995,2017,26238,rebuilt,automatic,4wd,id
22000,2014,123000,clean,manual,4wd,id
33790,2019,16899,clean,automatic,4wd,id
29675,2017,88062,clean,automatic,4wd,mo
13995,2014,88139,clean,automatic,rwd,ca
7800,2007,142123,salvage,manual,rwd,ca
24995,2017,92353,clean,automatic,rwd,ca
24995,2017,92353,clean,automatic,rwd,ca
7400,2003,108000,clean,automatic,rwd,ca
14990,2007,165757,clean,automatic,rwd,ca
14990,2014,123586,clean,automatic,rwd,ca
24699,2016,53909,clean,automatic,4wd,ca
28991,2013,76732,clean,automatic,4wd,or
12900,2003,146000,clean,automatic,rwd,ca
29675,2017,88062,clean,automatic,4wd,mo
6800,1998,236000,clean,manual,4wd,or
22900,2013,151468,clean,automatic,4wd,ca
9500,1992,130581,clean,manual,4wd,or
30000,2017,43000,clean,automatic,4wd,ga
25000,2016,36055,rebuilt,automatic,4wd,mn
29452,2017,22332,clean,automatic,rwd,ca
9995,2005,250000,clean,automatic,4wd,ny
24995,2017,92353,clean,automatic,rwd,ca
18988,2014,60727,clean,automatic,rwd,ga
8850,2010,156000,clean,automatic,4wd,ny
5800,1998,147000,clean,automatic,rwd,id
12800,2006,157507,clean,automatic,rwd,in
32995,2019,21528,clean,automatic,rwd,tx
33995,2017,49572,clean,automatic,4wd,tx
6500,2008,171000,clean,automatic,rwd,tx
13495,2007,189,clean,automatic,4wd,id
25304,2014,56436,clean,automatic,4wd,id
30753,2017,34890,clean,automatic,4wd,id
28998,2017,42292,clean,automatic,4wd,id
12900,2003,146000,clean,automatic,rwd,ca
11500,2005,203415,clean,automatic,rwd,ca
29952,2017,31141,clean,automatic,4wd,id
17995,2007,147000,clean,automatic,4wd,or
6800,2001,250000,clean,automatic,rwd,ca
13999,2009,172737,clean,automatic,4wd,id
28997,2014,86837,clean,automatic,4wd,id
24980,2018,19586,clean,automatic,fwd,id
24980,2018,19586,clean,automatic,fwd,id
19980,2016,82552,clean,automatic,4wd,id
9500,2003,237000,clean,manual,4wd,or
26980,2017,92750,clean,automatic,4wd,id
14875,2007,216241,clean,automatic,4wd,or
17999,2006,175857,clean,automatic,4wd,ca
24999,2012,96499,clean,automatic,4wd,ca
9970,2004,212828,clean,automatic,4wd,ga
32700,2018,35200,clean,automatic,4wd,ca
6000,2004,127536,clean,manual,fwd,or
20000,2012,87000,clean,automatic,4wd,mt
27777,2016,100013,clean,automatic,4wd,ca
23975,2015,63367,clean,automatic,4wd,ma
17977,2015,129271,clean,automatic,4wd,or
16977,2008,122183,clean,automatic,4wd,or
27975,2018,14738,clean,automatic,4wd,ma
8000,1998,132500,clean,manual,4wd,mt
24991,2018,14606,clean,automatic,4wd,or
30991,2019,11847,clean,automatic,4wd,or
22991,2020,1257,clean,automatic,fwd,or
27991,2015,51550,clean,automatic,4wd,or
26000,2015,128900,clean,automatic,4wd,mt
16750,2007,154642,clean,automatic,4wd,ca
13700,2011,151410,clean,automatic,4wd,pa
34495,2018,19500,lien,automatic,4wd,tx
31777,2016,45769,clean,automatic,4wd,ca
27777,2016,100013,clean,automatic,4wd,ca
21985,2013,56440,clean,automatic,4wd,oh
24998,2015,92614,clean,automatic,4wd,mt
25825,2016,70855,clean,manual,4wd,mt
23000,2015,103320,clean,automatic,4wd,id
24998,2015,108869,clean,automatic,4wd,id
30898,2018,37152,clean,automatic,4wd,id
7992,2002,94431,clean,automatic,rwd,id
33500,2017,64000,clean,automatic,4wd,id
8000,1998,132500,clean,manual,4wd,id
14995,2012,64310,clean,automatic,rwd,or
32998,2018,9411,clean,automatic,4wd,id
27991,2016,40403,clean,automatic,fwd,or
11000,2001,77755,clean,manual,4wd,ca
29995,2017,26238,rebuilt,automatic,4wd,id
24952,2013,61987,clean,automatic,4wd,id
24999,2012,96499,clean,automatic,4wd,ca
17999,2006,175857,clean,automatic,4wd,ca
32700,2018,35200,clean,automatic,4wd,ca
27777,2016,100013,clean,automatic,4wd,ca
16750,2007,154642,clean,automatic,4wd,ca
16750,2007,154642,clean,automatic,4wd,ca
26998,2012,20318,clean,automatic,4wd,id
16995,2009,96979,clean,automatic,4wd,mt
6495,2001,182325,clean,manual,rwd,ca
24998,2015,108869,clean,automatic,4wd,mt
26000,2015,54500,clean,automatic,4wd,mt
31777,2016,45769,clean,automatic,4wd,ca
5000,1995,207500,clean,manual,4wd,ca
16999,2007,122083,clean,automatic,4wd,or
24998,2015,108869,clean,automatic,4wd,mt
24998,2015,92614,clean,automatic,4wd,mt
6500,2007,212000,rebuilt,manual,4wd,mt
23495,2014,100802,clean,automatic,4wd,ca
8000,1998,132500,clean,manual,4wd,mt
28991,2014,39822,clean,automatic,4wd,or
9830,2004,191846,clean,automatic,4wd,mt
7500,1999,248000,clean,manual,4wd,or
31650,2017,37500,clean,automatic,4wd,ca
11900,2017,24458,clean,automatic,rwd,mi
29998,2016,42905,clean,automatic,4wd,id
18985,2010,132925,clean,automatic,4wd,mt
32892,2017,30840,clean,automatic,4wd,ca
13495,2007,189,clean,automatic,4wd,id
12953,2011,113548,clean,automatic,rwd,de
8700,2003,110783,clean,manual,rwd,id
32995,2018,25745,clean,automatic,4wd,id
12995,2007,165300,clean,automatic,4wd,fl
31900,2017,12600,clean,automatic,4wd,id
7952,2003,183436,clean,automatic,rwd,id
7990,2002,223417,clean,automatic,fwd,ca
11000,2002,129000,clean,automatic,4wd,nc
34910,2019,6742,clean,automatic,4wd,ok
32999,2018,22641,clean,automatic,4wd,tx
14500,2011,114919,clean,automatic,rwd,tx
26977,2014,72941,clean,automatic,4wd,ca
15991,2008,214115,clean,automatic,4wd,ca
15500,2007,160000,clean,manual,4wd,ca
13499,2008,160000,clean,automatic,rwd,ca
33500,2019,17250,lien,automatic,4wd,nc
32995,2019,12931,clean,automatic,4wd,ut
25190,2019,23890,clean,automatic,rwd,ok
20990,2012,96411,clean,automatic,4wd,or
27990,2017,46210,clean,automatic,4wd,or
21495,2012,107000,clean,automatic,4wd,nc
28990,2015,62383,clean,automatic,4wd,or
11500,2007,84000,clean,manual,rwd,ut
14995,2007,151048,clean,automatic,rwd,ca
13995,2006,188101,clean,manual,4wd,ca
24999,2012,96499,clean,automatic,4wd,ca
17999,2006,175857,clean,automatic,4wd,ca
32700,2018,35200,clean,automatic,4wd,ca
21995,2011,80791,clean,automatic,4wd,vt
12999,2013,128861,clean,manual,4wd,ca
26995,2017,22204,clean,automatic,4wd,vt
17500,2014,99000,clean,automatic,rwd,sc
12999,2011,85000,rebuilt,automatic,rwd,nc
28000,2015,128900,clean,automatic,4wd,mt
15944,2012,114381,clean,automatic,4wd,vt
32700,2018,35200,clean,automatic,4wd,ca
17999,2006,175857,clean,automatic,4wd,ca
24999,2012,96499,clean,automatic,4wd,ca
27777,2016,100013,clean,automatic,4wd,ca
29900,2017,20684,clean,manual,4wd,ca
30000,2016,56197,clean,automatic,4wd,ca
10855,2006,105324,clean,automatic,4wd,vt
33500,2019,23200,lien,automatic,4wd,nc
15000,2006,175000,clean,manual,4wd,ca
16750,2007,154642,clean,automatic,4wd,ca
21500,2013,65456,clean,automatic,rwd,id
10995,2006,96880,clean,automatic,rwd,ca
21995,2013,114475,clean,manual,4wd,or
42077,2019,18638,clean,automatic,4wd,ca
14998,2007,166600,clean,manual,4wd,ca
27777,2016,100013,clean,automatic,4wd,ca
32700,2018,35200,clean,automatic,4wd,ca
17999,2006,175857,clean,automatic,4wd,ca
24999,2012,96499,clean,automatic,4wd,ca
16750,2007,154642,clean,automatic,4wd,ca
11999,2007,148300,clean,automatic,fwd,ca
11450,2008,205260,clean,automatic,fwd,ca
6495,2001,182325,clean,manual,rwd,ca
32700,2018,35200,clean,automatic,4wd,ca
24999,2012,96499,clean,automatic,4wd,ca
17999,2006,175857,clean,automatic,4wd,ca
30777,2019,16237,clean,automatic,4wd,vt
27777,2016,100013,clean,automatic,4wd,ca
11000,2002,157043,clean,manual,4wd,id
20990,2009,117949,clean,automatic,4wd,or
14995,2009,130250,clean,automatic,4wd,ca
13995,2015,71970,clean,automatic,rwd,nj
11799,2006,114530,clean,automatic,rwd,nj
18985,2010,132925,clean,automatic,4wd,or
21990,2013,107938,clean,automatic,4wd,or
34990,2018,8319,clean,automatic,4wd,or
28990,2016,60118,clean,automatic,4wd,or
24490,2012,53724,clean,automatic,4wd,or
9995,2005,183204,clean,automatic,rwd,ca
11995,2006,156819,clean,automatic,rwd,ca
2700,1999,278392,clean,automatic,4wd,id
14995,2014,156504,clean,automatic,rwd,ca
15995,2011,112924,salvage,automatic,4wd,ca
22995,2016,104994,clean,automatic,4wd,ca
17950,2010,107566,clean,automatic,4wd,va
13900,2013,38648,rebuilt,automatic,4wd,pa
9750,2006,216076,clean,automatic,4wd,va
5000,2007,197000,clean,automatic,4wd,pa
21950,2015,85566,clean,automatic,4wd,va
10900,2015,123912,clean,automatic,rwd,nc
20950,2011,113938,clean,automatic,4wd,ok
12950,2008,197695,clean,automatic,rwd,ok
11400,2008,180293,clean,automatic,rwd,ok
16900,2011,143000,clean,automatic,4wd,va
13500,2008,137000,clean,automatic,4wd,pa
29480,2019,24667,clean,automatic,4wd,id
31698,2018,17067,clean,automatic,4wd,id
14299,2009,188309,clean,automatic,4wd,va
13495,2006,171024,clean,automatic,rwd,ca
13995,2006,152657,clean,automatic,rwd,ca
13995,2014,102921,clean,automatic,rwd,ca
14000,2006,240000,clean,automatic,4wd,ca
28945,2018,42604,clean,automatic,4wd,id
13295,2007,169314,clean,automatic,4wd,id
28495,2014,43231,clean,automatic,4wd,id
23777,2013,120850,clean,automatic,4wd,ca
4200,2001,196118,clean,automatic,rwd,sc
12977,2004,171291,clean,automatic,4wd,nc
15991,2014,95452,clean,automatic,4wd,mo
13995,2009,164316,clean,automatic,4wd,pa
8500,1997,233000,clean,manual,4wd,ca
4750,1998,209555,clean,manual,4wd,nc
26000,2012,60000,clean,automatic,4wd,ca
10995,2007,117214,clean,manual,4wd,va
17950,2013,132808,clean,automatic,4wd,pa
31350,2017,35000,clean,automatic,4wd,mi
13450,2011,151410,clean,automatic,4wd,pa
23995,2014,100802,clean,automatic,4wd,ca
17900,2014,85435,clean,automatic,rwd,pa
22500,2014,96000,clean,automatic,fwd,ca
13999,2009,146358,clean,automatic,fwd,ca
13920,2007,72000,clean,automatic,rwd,nc
17995,2007,42707,clean,automatic,fwd,ca
14900,2009,117000,clean,automatic,rwd,ca
7000,2008,131468,salvage,automatic,rwd,ca
27977,2016,39340,clean,automatic,4wd,oh
10800,2003,99071,clean,automatic,4wd,oh
25150,2015,53350,clean,automatic,4wd,ok
14950,2010,150000,clean,automatic,4wd,sd
29495,2018,22342,clean,automatic,fwd,ca
29849,2017,88062,clean,automatic,4wd,ar
13500,2005,124000,clean,automatic,rwd,fl
8480,2004,208367,clean,automatic,fwd,tn
8480,2004,208367,clean,automatic,fwd,tn
14998,2005,135477,clean,automatic,rwd,tx
20952,2015,111714,clean,automatic,4wd,il
12000,2006,173000,clean,automatic,4wd,nc
11000,2007,999999,clean,automatic,4wd,ca
6500,1995,2990075,clean,automatic,4wd,nc
12900,2010,184742,clean,automatic,4wd,pa
25150,2015,53350,clean,automatic,4wd,ca
29495,2018,22342,clean,automatic,fwd,ca
23500,2016,39000,clean,automatic,4wd,or
10999,2008,218135,clean,automatic,4wd,va
26997,2013,90394,clean,automatic,4wd,or
28997,2014,86837,clean,manual,4wd,or
32990,2017,35476,clean,automatic,4wd,ca
19250,2011,70572,clean,automatic,rwd,ca
32990,2017,35476,clean,automatic,4wd,ca
35997,2017,17797,clean,automatic,4wd,or
35997,2017,17797,clean,automatic,4wd,or
6995,2002,317183,clean,manual,4wd,or
9800,2006,213823,clean,manual,4wd,or
17000,2008,130000,clean,manual,4wd,mt
20990,2003,93080,clean,manual,4wd,or
24998,2014,56000,clean,automatic,4wd,or
14900,2008,149000,clean,manual,4wd,or
28000,2017,56000,clean,automatic,4wd,nc
9990,2003,194637,clean,automatic,fwd,ca
21495,2012,107000,clean,automatic,4wd,nc
9000,2002,160000,clean,automatic,fwd,pa
17990,2013,168911,clean,automatic,fwd,ca
23999,2017,85967,clean,automatic,4wd,va
20990,2003,93080,clean,manual,4wd,or
31999,2017,38710,clean,automatic,4wd,or
21495,2012,107000,clean,automatic,4wd,nc
28995,2017,38008,clean,automatic,4wd,wi
12999,2007,161943,clean,automatic,4wd,va
14500,2011,108776,clean,automatic,rwd,va
11999,2007,169875,clean,automatic,4wd,va
11500,2007,199000,clean,automatic,4wd,va
15995,2011,145885,clean,automatic,4wd,pa
14995,2005,155481,clean,automatic,4wd,va
10995,2006,74313,clean,automatic,rwd,va
20995,2011,85379,clean,automatic,4wd,va
24500,2014,113000,clean,automatic,4wd,nc
10995,2002,128525,clean,automatic,rwd,ca
14999,2006,136406,clean,automatic,fwd,ca
17995,2011,114014,clean,automatic,4wd,va
24500,2017,49000,clean,automatic,4wd,ca
11495,2002,125000,clean,automatic,rwd,ca
15100,2007,113427,clean,automatic,4wd,va
16000,2013,144500,clean,manual,4wd,ca
26900,2016,70270,clean,manual,4wd,ca
5500,1999,210414,clean,automatic,4wd,ca
24988,2013,87891,clean,automatic,4wd,ca
12988,2007,118682,clean,manual,fwd,ca
12299,2007,248000,clean,automatic,4wd,ca
33500,2020,1700,clean,manual,4wd,al
20000,2010,99000,clean,automatic,4wd,nc
18300,2014,134000,clean,automatic,4wd,il
9995,2015,133000,clean,automatic,rwd,il
16999,2006,155000,clean,automatic,4wd,or
15029,2009,101814,clean,automatic,4wd,ar
29999,2016,60095,clean,automatic,4wd,wa
32955,2016,30702,clean,automatic,4wd,ca
6300,2008,171700,clean,automatic,rwd,wa
34950,2016,20810,clean,automatic,4wd,wa
32998,2019,1954,clean,automatic,4wd,wa
20998,2012,92380,clean,automatic,fwd,ca
8000,2008,105000,clean,automatic,rwd,nm
8000,2008,124000,clean,manual,fwd,ca
14999,2009,146358,clean,automatic,fwd,ca
14700,2014,90000,salvage,automatic,4wd,nm
28999,2016,61818,clean,automatic,rwd,ca
10900,2007,104485,clean,automatic,rwd,ca
15500,2013,160000,clean,automatic,rwd,ca
28997,2014,86837,clean,manual,4wd,or
26997,2013,90394,clean,automatic,4wd,or
9999,2013,158025,clean,automatic,rwd,ca
7999,2008,186804,clean,automatic,rwd,or
30000,2012,75000,clean,automatic,4wd,nm
25588,2015,71000,clean,automatic,4wd,ks
35997,2017,17797,clean,automatic,4wd,or
35997,2017,17797,clean,automatic,4wd,or
5500,1999,310000,clean,automatic,4wd,ca
11950,2008,239690,clean,automatic,4wd,nc
27995,2014,74044,clean,automatic,4wd,ca
17995,2010,84542,clean,automatic,4wd,il
15900,2013,155434,clean,automatic,4wd,al
20399,2017,52375,clean,automatic,fwd,ca
26900,2015,53390,clean,automatic,4wd,ny
28997,2017,38125,clean,automatic,rwd,ca
9997,2014,115542,clean,automatic,rwd,mi
9000,2006,196608,clean,automatic,rwd,nc
17990,2013,132220,clean,automatic,rwd,nc
14500,2009,167000,clean,automatic,4wd,nc
12999,2010,145418,clean,manual,rwd,ca
26999,2017,50679,clean,automatic,rwd,ca
6995,2003,132052,clean,manual,4wd,nc
26999,2015,24422,clean,automatic,rwd,ca
24900,2017,71000,lien,automatic,rwd,nc
11000,2005,174500,clean,manual,4wd,ny
23760,2017,29301,clean,automatic,rwd,ia
4800,2000,136000,clean,automatic,4wd,ny
24999,2012,96499,clean,automatic,4wd,ca
17999,2006,175857,clean,automatic,4wd,ca
27777,2016,100013,clean,automatic,4wd,ca
32700,2018,35200,clean,automatic,4wd,ca
26000,2014,51335,clean,automatic,4wd,pa
6750,2003,150000,clean,automatic,rwd,il
24999,2012,96499,clean,automatic,4wd,ca
24999,2012,96499,clean,automatic,4wd,ca
32700,2018,35200,clean,automatic,4wd,ca
27777,2016,100013,clean,automatic,4wd,ca
17999,2006,175857,clean,automatic,4wd,ca
17900,2013,141000,clean,automatic,4wd,ny
31350,2017,35000,clean,automatic,4wd,mi
8100,2008,125723,lien,manual,4wd,mi
19999,2007,82505,clean,automatic,rwd,ca
25999,2012,65744,clean,manual,4wd,ca
14780,2009,172737,clean,automatic,4wd,wa
14500,2009,167000,clean,automatic,4wd,nc
12990,2006,200962,clean,automatic,fwd,ca
40999,2020,3650,lien,automatic,4wd,nc
14880,2009,172737,clean,automatic,4wd,id
12490,2005,177763,clean,automatic,rwd,id
22995,2014,80989,clean,automatic,4wd,wa
14880,2009,172737,clean,automatic,4wd,wa
13499,2014,120000,clean,manual,4wd,ny
21995,2011,50700,clean,automatic,4wd,ny
31350,2017,35000,clean,automatic,4wd,mi
3200,2000,170000,clean,automatic,4wd,mi
29675,2017,88062,clean,automatic,4wd,il
17995,2007,147000,clean,automatic,4wd,wa
14991,2007,137476,clean,automatic,rwd,ca
17500,2008,186000,clean,automatic,rwd,ca
13995,2006,152657,clean,automatic,rwd,ca
14880,2009,172737,clean,automatic,4wd,wa
7200,1998,194524,clean,automatic,rwd,al
18987,2016,33625,clean,automatic,rwd,nc
12299,2010,83000,clean,manual,fwd,al
14880,2009,172737,clean,automatic,4wd,wa
6990,2010,260339,clean,automatic,rwd,il
11950,2008,239690,clean,automatic,4wd,nc
6800,2006,204000,clean,automatic,rwd,nc
23874,2015,49408,clean,automatic,4wd,nc
14874,2010,75233,clean,automatic,rwd,nc
25500,2019,4500,clean,automatic,rwd,fl
15900,2014,105000,lien,manual,4wd,il
3995,2001,247199,clean,automatic,rwd,nc
39988,2018,15000,clean,manual,4wd,tx
12500,2009,136003,clean,automatic,4wd,pa
25860,2016,58896,clean,automatic,4wd,pa
16950,2009,233000,clean,manual,4wd,ca
9900,2006,94000,clean,manual,4wd,in
28800,2017,48500,clean,automatic,4wd,or
5500,1996,292000,salvage,automatic,4wd,or
23500,2016,39000,clean,automatic,4wd,or
28997,2014,86837,clean,manual,4wd,or
26997,2013,90394,clean,automatic,4wd,or
17950,2018,6829,salvage,automatic,4wd,ut
41997,2020,7,clean,automatic,4wd,or
35997,2017,17797,clean,automatic,4wd,or
5900,2003,195000,clean,automatic,rwd,or
21000,2015,98000,clean,manual,4wd,ny
22797,2017,62914,clean,automatic,4wd,oh
6995,1997,102000,clean,manual,rwd,ut
6000,1999,213657,clean,manual,4wd,oh
13000,2012,181496,clean,automatic,4wd,oh
14991,2009,122565,clean,automatic,rwd,ks
34694,2017,17147,clean,automatic,4wd,ca
29995,2016,88251,clean,automatic,4wd,ks
11990,2006,200962,clean,automatic,fwd,ca
13995,2010,90477,clean,automatic,4wd,vt
14995,2006,161890,clean,automatic,4wd,vt
29995,2017,37497,clean,automatic,4wd,vt
7990,2002,223417,clean,automatic,fwd,ca
14900,2009,151805,clean,automatic,4wd,vt
23975,2015,63367,clean,automatic,4wd,vt
27975,2018,14738,clean,automatic,4wd,vt
30777,2019,16237,clean,automatic,4wd,ri
12995,2007,162322,clean,automatic,4wd,ri
15495,2005,82764,clean,automatic,4wd,ri
9990,2003,194637,clean,automatic,fwd,ca
11995,2006,132930,clean,automatic,4wd,ri
17990,2013,168911,clean,automatic,fwd,ca
6500,2002,223000,clean,manual,4wd,vt
13995,2014,115731,clean,automatic,4wd,oh
7500,2008,164188,clean,automatic,rwd,ca
21900,2015,55000,clean,automatic,rwd,ca
24300,2015,98400,clean,automatic,4wd,ca
6000,2001,202000,clean,manual,rwd,ca
5900,2002,165000,salvage,automatic,4wd,vt
21995,2013,97105,clean,automatic,rwd,ca
26795,2017,49407,clean,automatic,4wd,va
9750,2006,216076,clean,automatic,4wd,va
12800,2006,113384,clean,manual,rwd,ca
15988,2006,148951,clean,automatic,4wd,ca
21000,2015,96,clean,automatic,4wd,in
7000,2003,86800,clean,automatic,rwd,ri
4600,2003,286000,clean,manual,4wd,ri
5400,2006,203145,clean,automatic,rwd,sc
12800,2006,157507,clean,automatic,rwd,in
10300,2010,43000,salvage,manual,fwd,ca
22000,2011,51000,clean,automatic,rwd,ca
17995,2011,114014,clean,automatic,4wd,va
36500,2018,8900,clean,automatic,4wd,ca
36750,2018,19763,clean,manual,4wd,ca
5400,2006,203142,clean,automatic,rwd,sc
10300,2004,220000,clean,automatic,rwd,ca
17500,2014,99000,clean,automatic,rwd,sc
31777,2016,45769,clean,automatic,4wd,ca
13000,2007,247000,clean,automatic,4wd,sc
29000,2015,128900,clean,automatic,4wd,mt
8995,2002,286175,clean,automatic,fwd,ca
6500,2003,115000,clean,automatic,rwd,va
7995,2006,73995,clean,manual,rwd,va
11995,2007,115653,clean,automatic,4wd,in
17995,2011,118295,clean,automatic,4wd,in
13995,2003,89477,clean,automatic,rwd,sc
9995,2005,158270,clean,automatic,rwd,sc
21495,2012,107000,clean,automatic,4wd,sc
5500,1999,270611,clean,automatic,rwd,sc
8995,2002,286175,clean,automatic,rwd,ca
8999,2008,183000,clean,manual,rwd,co
11600,2015,95890,clean,automatic,rwd,co
7950,2005,299727,clean,automatic,4wd,la
9999,2006,103432,clean,manual,rwd,co
10500,2003,177685,clean,manual,4wd,co
30500,2017,29400,clean,automatic,4wd,co
24999,2015,75531,clean,automatic,4wd,sc
9499,2001,72464,clean,automatic,4wd,va
11999,2005,130836,clean,automatic,4wd,va
9200,2006,199500,clean,automatic,rwd,ms
9950,2008,229000,clean,automatic,rwd,ms
9950,2008,229000,clean,automatic,rwd,ms
11500,2009,133741,clean,automatic,fwd,ms
14400,2015,112000,clean,automatic,rwd,nv
15900,2007,139769,clean,automatic,4wd,nv
29513,2017,88062,clean,automatic,4wd,mo
27000,2016,40500,clean,automatic,4wd,ca
2900,1996,185,clean,automatic,rwd,nv
40000,2018,8071,clean,automatic,4wd,ca
23480,2017,45543,clean,automatic,4wd,nj
16618,2013,164470,clean,automatic,4wd,tx
16618,2013,164470,clean,automatic,4wd,tx
30952,2016,28104,clean,automatic,4wd,tx
7500,2005,265000,clean,automatic,rwd,mo
29513,2017,88062,clean,automatic,4wd,mo
13995,2011,174075,clean,automatic,rwd,fl
9500,2011,226569,clean,automatic,4wd,mo
5999,2005,166227,clean,automatic,rwd,fl
29513,2017,88062,clean,automatic,4wd,mo
7763,2004,232252,clean,other,4wd,mt
5000,2003,135434,clean,automatic,rwd,ok
14880,2009,172737,clean,automatic,4wd,wa
10999,2008,218135,clean,automatic,4wd,va
28000,2016,47207,lien,automatic,4wd,mt
15980,2005,100616,clean,automatic,4wd,mt
18997,2011,103425,clean,automatic,4wd,mi
12900,2009,231580,clean,automatic,4wd,ga
32900,2018,32000,clean,automatic,4wd,mt
9122,2005,170001,clean,automatic,rwd,ga
14780,2009,172737,clean,automatic,4wd,mt
29999,2018,22307,clean,automatic,rwd,ga
24998,2015,86432,clean,manual,4wd,mt
11880,2009,198944,clean,automatic,4wd,ga
23950,2019,1567,salvage,automatic,4wd,nj
12900,2009,231580,clean,automatic,4wd,ga
18790,2015,118387,clean,automatic,fwd,ga
2345,2001,136000,clean,automatic,rwd,ia
16500,2014,96891,lien,manual,4wd,nc
8200,2008,234000,clean,automatic,4wd,nj
15800,2008,108000,clean,automatic,4wd,nc
11495,2009,213911,clean,manual,4wd,co
8995,1997,126370,clean,manual,4wd,co
30990,2019,7877,clean,automatic,4wd,sd
9700,2006,185075,clean,automatic,rwd,sc
18900,2011,122557,clean,automatic,4wd,nc
10991,2008,87377,clean,manual,rwd,ia
11800,2001,142000,clean,automatic,4wd,tn
7990,2005,146762,clean,manual,rwd,mn
6250,2004,204000,rebuilt,automatic,rwd,tn
8750,2003,171751,salvage,manual,4wd,nc
7000,2010,148000,clean,manual,rwd,tn
14500,2014,41000,lien,automatic,rwd,ar
13950,2009,179316,clean,automatic,4wd,tn
10500,2008,205,clean,automatic,4wd,tn
24901,2016,44701,clean,automatic,rwd,tx
14995,2005,155481,clean,automatic,4wd,va
10995,2006,74313,clean,automatic,rwd,va
20995,2011,85379,clean,automatic,4wd,va
26500,2015,54000,clean,automatic,4wd,nc
4000,1997,253000,clean,automatic,rwd,tn
1500,2001,242000,salvage,automatic,rwd,tn
18988,2012,124409,clean,automatic,4wd,tn
10900,2012,162000,clean,automatic,4wd,tn
12500,2015,117240,clean,automatic,fwd,tn
3000,2013,106710,rebuilt,automatic,rwd,tn
10995,2011,161000,clean,automatic,4wd,ny
14975,2006,102282,clean,manual,4wd,nd
3995,1998,146000,clean,automatic,rwd,ia
9500,1999,220000,clean,manual,4wd,co
27917,2018,17817,clean,automatic,rwd,tx
9995,2012,172695,clean,automatic,rwd,nj
7800,1997,212234,clean,automatic,4wd,tn
22495,2017,17776,clean,automatic,rwd,tn
16400,2009,91176,clean,automatic,4wd,va
21995,2011,50700,clean,automatic,4wd,ny
19375,2014,139841,clean,automatic,4wd,tn
24988,2015,45506,clean,automatic,4wd,ny
6000,2004,185423,clean,automatic,4wd,md
14700,2012,98187,clean,automatic,rwd,va
24320,2015,50616,clean,automatic,4wd,tn
12500,2015,117240,clean,automatic,fwd,tn
11499,2007,209416,clean,automatic,4wd,tn
9900,2008,181645,clean,manual,4wd,ia
12200,2004,98581,clean,manual,4wd,ia
3636,1998,195000,clean,manual,rwd,nj
25999,2014,88307,clean,other,4wd,co
